code,FullName,gov_industry_name,Sector
000366,汇添富添富通货币市场基金,货币金融服务,金融地产
000505,国寿安保货币市场基金,货币金融服务,金融地产
000816,南方理财金交易型货币市场基金,货币金融服务,金融地产
000917,嘉实快线货币市场基金,货币金融服务,金融地产
002318,鹏华添利交易型货币市场基金,货币金融服务,金融地产
002852,招商财富宝交易型货币市场基金,货币金融服务,金融地产
003022,建信现金添益交易型货币市场基金,货币金融服务,金融地产
003252,大成添益交易型货币市场基金,货币金融服务,金融地产
040038,华安日日鑫货币市场基金,货币金融服务,金融地产
110006,易方达货币市场基金,货币金融服务,金融地产
159001,易方达保证金收益货币市场基金,货币金融服务,金融地产
159003,招商保证金快线货币市场基金,货币金融服务,金融地产
159005,汇添富收益快钱货币市场基金,货币金融服务,金融地产
159101,华夏国证港股通科技交易型开放式指数证券投资基金,软件和信息技术服务业,TMT
159102,华安恒生生物科技交易型开放式指数证券投资基金,医药制造业,医药健康
159103,汇添富中证金融科技主题交易型开放式指数证券投资基金,软件和信息技术服务业,TMT
159105,易方达恒生生物科技交易型开放式指数证券投资基金,医药制造业,医药健康
159106,前海开源中证民企300交易型开放式指数证券投资基金,综合,消费
159107,富国创业板软件交易型开放式指数证券投资基金,软件和信息技术服务业,TMT
159109,景顺长城恒生港股通50交易型开放式指数证券投资基金,综合,消费
159110,万家深证AAA科技创新公司债交易型开放式指数证券投资基金,软件和信息技术服务业,TMT
159111,天弘中证AAA科技创新公司债交易型开放式指数证券投资基金,软件和信息技术服务业,TMT
159112,银华中证AAA科技创新公司债交易型开放式指数证券投资基金,软件和信息技术服务业,TMT
159113,大成中证AAA科技创新公司债交易型开放式指数证券投资基金,软件和信息技术服务业,TMT
159115,华安中证AAA科技创新公司债交易型开放式指数证券投资基金,软件和信息技术服务业,TMT
159116,工银瑞信中证AAA科技创新公司债交易型开放式指数证券投资基金,软件和信息技术服务业,TMT
159117,鹏华标普港股通低波红利交易型开放式指数证券投资基金,综合,消费
159122,富国创业板新能源交易型开放式指数证券投资基金,综合,消费
159126,南方中证港股通50交易型开放式指数证券投资基金,综合,消费
159150,易方达深证50交易型开放式指数证券投资基金,综合,消费
159200,富国中证AAA科技创新公司债交易型开放式指数证券投资基金,软件和信息技术服务业,TMT
159201,华夏国证自由现金流交易型开放式指数证券投资基金,货币金融服务,金融地产
159202,万家恒生互联网科技业交易型开放式指数证券投资基金(QDII),软件和信息技术服务业,TMT
159203,博时国证大盘成长交易型开放式指数证券投资基金,综合,消费
159205,西藏东财创业板交易型开放式指数证券投资基金,综合,消费
159206,永赢国证商用卫星通信产业交易型开放式指数证券投资基金,计算机、通信和其他电子设备制造业,TMT
159207,广发中证智选高股息策略交易型开放式指数证券投资基金,综合,消费
159208,万家国证航天航空行业交易型开放式指数证券投资基金,铁路、船舶、航空航天和其他运输设备制造业,工业与建筑
159209,招商中证全指红利质量交易型开放式指数证券投资基金,综合,消费
159210,汇添富中证港股通汽车产业主题交易型开放式指数证券投资基金,汽车制造业,消费
159211,富国深证100交易型开放式指数证券投资基金,综合,消费
159212,南方深证100交易型开放式指数证券投资基金,综合,消费
159213,汇添富中证机器人交易型开放式指数证券投资基金,综合,消费
159215,平安中证A500交易型开放式指数证券投资基金,综合,消费
159216,大成深证100交易型开放式指数证券投资基金,综合,消费
159217,工银瑞信国证港股通创新药交易型开放式指数证券投资基金,医药制造业,医药健康
159218,招商中证卫星产业交易型开放式指数证券投资基金,综合,消费
159219,融通深证100交易型开放式指数证券投资基金,综合,消费
159220,华宝标普港股通低波红利交易型开放式指数证券投资基金,综合,消费
159221,嘉实国证自由现金流交易型开放式指数证券投资基金,货币金融服务,金融地产
159222,易方达国证自由现金流交易型开放式指数证券投资基金,货币金融服务,金融地产
159223,永赢国证自由现金流交易型开放式指数证券投资基金,货币金融服务,金融地产
159225,银华国证自由现金流交易型开放式指数证券投资基金,货币金融服务,金融地产
159226,国泰中证A500增强策略交易型开放式指数证券投资基金,综合,消费
159227,华夏国证航天航空行业交易型开放式指数证券投资基金,铁路、船舶、航空航天和其他运输设备制造业,工业与建筑
159228,长城中证红利低波动100交易型开放式指数证券投资基金,综合,消费
159229,广发中证800自由现金流交易型开放式指数证券投资基金,货币金融服务,金融地产
159230,华夏国证通用航空产业交易型开放式指数证券投资基金,航空运输业,公用事业与交运
159231,华宝国证通用航空产业交易型开放式指数证券投资基金,航空运输业,公用事业与交运
159232,南方中证全指自由现金流交易型开放式指数证券投资基金,货币金融服务,金融地产
159233,平安中证全指自由现金流交易型开放式指数证券投资基金,货币金融服务,金融地产
159235,大成中证全指自由现金流交易型开放式指数证券投资基金,货币金融服务,金融地产
159236,工银瑞信中证全指自由现金流交易型开放式指数证券投资基金,货币金融服务,金融地产
159237,工银瑞信中证港股通汽车产业主题交易型开放式指数证券投资基金,汽车制造业,消费
159238,景顺长城沪深300增强策略交易型开放式指数证券投资基金,综合,消费
159239,富国恒生港股通汽车主题交易型开放式指数证券投资基金,汽车制造业,消费
159240,天弘中证A500增强策略交易型开放式指数证券投资基金,综合,消费
159241,天弘国证航天航空行业交易型开放式指数证券投资基金,铁路、船舶、航空航天和其他运输设备制造业,工业与建筑
159242,大成创业板人工智能交易型开放式指数证券投资基金,综合,消费
159245,富国国证港股通消费主题交易型开放式指数证券投资基金,零售业,消费
159246,富国创业板人工智能交易型开放式指数证券投资基金,综合,消费
159248,万家中证人工智能主题交易型开放式指数证券投资基金,综合,消费
159249,工银瑞信中证A500增强策略交易型开放式指数证券投资基金,综合,消费
159251,万家国证港股通科技交易型开放式指数证券投资基金,软件和信息技术服务业,TMT
159255,易方达国证通用航空产业交易型开放式指数证券投资基金,航空运输业,公用事业与交运
159256,华夏创业板软件交易型开放式指数证券投资基金,软件和信息技术服务业,TMT
159257,汇添富国证通用航空产业交易型开放式指数证券投资基金,航空运输业,公用事业与交运
159258,南方中证机器人交易型开放式指数证券投资基金,综合,消费
159259,易方达国证成长100交易型开放式指数证券投资基金,综合,消费
159261,鹏华创业板新能源交易型开放式指数证券投资基金,综合,消费
159262,广发恒生港股通科技主题交易型开放式指数证券投资基金,软件和信息技术服务业,TMT
159263,易方达国证价值100交易型开放式指数证券投资基金,综合,消费
159265,鹏华国证港股通消费主题交易型开放式指数证券投资基金,零售业,消费
159266,永赢中证港股通央企红利交易型开放式指数证券投资基金,综合,消费
159267,华安国证航天航空行业交易型开放式指数证券投资基金,铁路、船舶、航空航天和其他运输设备制造业,工业与建筑
159268,汇添富国证港股通消费主题交易型开放式指数证券投资基金,零售业,消费
159269,南方中证港股通科技交易型开放式指数证券投资基金,软件和信息技术服务业,TMT
159270,南方创业板中盘200交易型开放式指数证券投资基金,综合,消费
159271,鹏华恒生交易型开放式指数证券投资基金,综合,消费
159272,富国国证机器人产业交易型开放式指数证券投资基金,综合,消费
159273,汇添富中证沪港深云计算产业交易型开放式指数证券投资基金,软件和信息技术服务业,TMT
159275,华宝中证全指农牧渔交易型开放式指数证券投资基金,农、林、牧、渔专业及辅助性活动,消费
159276,汇添富国证自由现金流交易型开放式指数证券投资基金,货币金融服务,金融地产
159277,富国中证港股通高股息投资交易型开放式指数证券投资基金,综合,消费
159278,鹏华国证机器人产业交易型开放式指数证券投资基金,综合,消费
159279,华安创业板人工智能交易型开放式指数证券投资基金,综合,消费
159280,汇添富国证港股通互联网交易型开放式指数证券投资基金,软件和信息技术服务业,TMT
159281,天弘中证港股通央企红利交易型开放式指数证券投资基金,综合,消费
159283,南方中证通用航空主题交易型开放式指数证券投资基金,航空运输业,公用事业与交运
159285,华安国证港股通消费主题交易型开放式指数证券投资基金,零售业,消费
159286,鹏华国证港股通创新药交易型开放式指数证券投资基金,医药制造业,医药健康
159287,博时创业板综合交易型开放式指数证券投资基金,综合,消费
159288,银华创业板综合交易型开放式指数证券投资基金,综合,消费
159289,鹏华创业板综合交易型开放式指数证券投资基金,综合,消费
159290,西藏东财创业板综合增强策略交易型开放式指数证券投资基金,综合,消费
159291,招商创业板综合增强策略交易型开放式指数证券投资基金,综合,消费
159292,华宝创业板综合增强策略交易型开放式指数证券投资基金,综合,消费
159295,西部利得创业板综合交易型开放式指数证券投资基金,综合,消费
159296,华宝中证A500红利低波动交易型开放式指数证券投资基金,综合,消费
159297,南方国证港股通创新药交易型开放式指数证券投资基金,医药制造业,医药健康
159298,大成创业板50交易型开放式指数证券投资基金,综合,消费
159299,易方达中证金融科技主题交易型开放式指数证券投资基金,软件和信息技术服务业,TMT
159300,富国沪深300交易型开放式指数证券投资基金,综合,消费
159301,华夏中证全指公用事业交易型开放式指数证券投资基金,水的生产和供应业,公用事业与交运
159302,银华中证港股通高股息投资交易型开放式指数证券投资基金,综合,消费
159303,大成恒生医疗保健交易型开放式指数证券投资基金(QDII),卫生,医药健康
159305,广发国证新能源电池交易型开放式指数证券投资基金,综合,消费
159306,平安中证汽车零部件主题交易型开放式指数证券投资基金,汽车制造业,消费
159307,博时中证红利低波动100交易型开放式指数证券投资基金,综合,消费
159309,汇添富中证油气资源交易型开放式指数证券投资基金,综合,消费
159310,天弘中证芯片产业交易型开放式指数证券投资基金,计算机、通信和其他电子设备制造业,TMT
159311,易方达中证数字经济主题交易型开放式指数证券投资基金,软件和信息技术服务业,TMT
159312,广发恒指港股通交易型开放式指数证券投资基金,综合,消费
159315,工银瑞信中证沪深港黄金产业股票交易型开放式指数证券投资基金,有色金属冶炼和压延加工业,能源与原材料
159316,易方达恒生港股通创新药交易型开放式指数证券投资基金,医药制造业,医药健康
159318,银华恒指港股通交易型开放式指数证券投资基金,综合,消费
159320,广发恒生A股电网设备交易型开放式指数证券投资基金,电气机械和器材制造业,工业与建筑
159321,华安中证沪深港黄金产业股票交易型开放式指数证券投资基金,有色金属冶炼和压延加工业,能源与原材料
159322,平安中证沪深港黄金产业股票交易型开放式指数证券投资基金,有色金属冶炼和压延加工业,能源与原材料
159323,华夏中证港股通汽车产业主题交易型开放式指数证券投资基金,汽车制造业,消费
159325,南方中证半导体行业精选交易型开放式指数证券投资基金,计算机、通信和其他电子设备制造业,TMT
159326,华夏中证电网设备主题交易型开放式指数证券投资基金,电气机械和器材制造业,工业与建筑
159327,万家中证半导体材料设备主题交易型开放式指数证券投资基金,计算机、通信和其他电子设备制造业,TMT
159328,易方达中证家电龙头交易型开放式指数证券投资基金,金属制品业,能源与原材料
159329,南方基金南方东英沙特阿拉伯交易型开放式指数证券投资基金(QDII),综合,消费
159330,西藏东财沪深300交易型开放式指数证券投资基金,综合,消费
159331,国泰中证港股通高股息投资交易型开放式指数证券投资基金,综合,消费
159332,富国中证中央企业红利交易型开放式指数证券投资基金,综合,消费
159333,万家中证港股通央企红利交易型开放式指数证券投资基金,综合,消费
159335,融通中证诚通央企科技创新交易型开放式指数证券投资基金,软件和信息技术服务业,TMT
159336,融通中证诚通央企红利交易型开放式指数证券投资基金,综合,消费
159337,西藏东财中证500交易型开放式指数证券投资基金,综合,消费
159338,国泰中证A500交易型开放式指数证券投资基金,综合,消费
159339,银华中证A500交易型开放式指数证券投资基金,综合,消费
159350,富国深证50交易型开放式指数证券投资基金,综合,消费
159351,嘉实中证A500交易型开放式指数证券投资基金,综合,消费
159352,南方中证A500交易型开放式指数证券投资基金,综合,消费
159353,景顺长城中证A500交易型开放式指数证券投资基金,综合,消费
159355,华宝中证800红利低波动交易型开放式指数证券投资基金,综合,消费
159356,万家中证A500交易型开放式指数证券投资基金,综合,消费
159357,博时中证A500交易型开放式指数证券投资基金,综合,消费
159358,大成中证A500交易型开放式指数证券投资基金,综合,消费
159359,华安中证A500交易型开放式指数证券投资基金,综合,消费
159360,天弘中证A500交易型开放式指数证券投资基金,综合,消费
159361,易方达中证A500交易型开放式指数证券投资基金,综合,消费
159362,工银瑞信中证A500交易型开放式指数证券投资基金,综合,消费
159363,华宝创业板人工智能交易型开放式指数证券投资基金,综合,消费
159365,富国恒指港股通交易型开放式指数证券投资基金,综合,消费
159366,永赢中证港股通医疗主题交易型开放式指数证券投资基金,卫生,医药健康
159367,华夏创业板50交易型开放式指数证券投资基金,综合,消费
159368,华夏创业板新能源交易型开放式指数证券投资基金,综合,消费
159369,易方达创业板50交易型开放式指数证券投资基金,综合,消费
159370,工银瑞信创业板50交易型开放式指数证券投资基金,综合,消费
159371,富国创业板50交易型开放式指数证券投资基金,综合,消费
159372,万家创业板50交易型开放式指数证券投资基金,综合,消费
159373,嘉实创业板50交易型开放式指数证券投资基金,综合,消费
159375,国泰创业板50交易型开放式指数证券投资基金,综合,消费
159376,浦银安盛中证A500交易型开放式指数证券投资基金,综合,消费
159377,国泰创业板医药卫生交易型开放式指数证券投资基金,医药制造业,医药健康
159378,永赢国证通用航空产业交易型开放式指数证券投资基金,航空运输业,公用事业与交运
159379,融通中证A500交易型开放式指数证券投资基金,综合,消费
159380,西藏东财中证A500交易型开放式指数证券投资基金,综合,消费
159381,华夏创业板人工智能交易型开放式指数证券投资基金,综合,消费
159382,南方创业板人工智能交易型开放式指数证券投资基金,综合,消费
159383,华泰柏瑞创业板50交易型开放式指数证券投资基金,综合,消费
159385,富国中证诚通国企数字经济交易型开放式指数证券投资基金,软件和信息技术服务业,TMT
159386,永赢中证A500交易型开放式指数证券投资基金,综合,消费
159387,国泰创业板新能源交易型开放式指数证券投资基金,综合,消费
159388,国泰创业板人工智能交易型开放式指数证券投资基金,综合,消费
159389,嘉实中证诚通国企数字经济交易型开放式指数证券投资基金,软件和信息技术服务业,TMT
159390,国联中证A50交易型开放式指数证券投资基金,综合,消费
159391,博时国证大盘价值交易型开放式指数证券投资基金,综合,消费
159392,富国国证通用航空产业交易型开放式指数证券投资基金,航空运输业,公用事业与交运
159393,万家沪深300交易型开放式指数证券投资基金,综合,消费
159395,大成深证基准做市信用债交易型开放式指数证券投资基金,资本市场服务,金融地产
159396,博时深证基准做市信用债交易型开放式指数证券投资基金,资本市场服务,金融地产
159397,广发深证基准做市信用债交易型开放式指数证券投资基金,资本市场服务,金融地产
159398,天弘深证基准做市信用债交易型开放式指数证券投资基金,资本市场服务,金融地产
159399,国泰富时中国A股自由现金流聚焦交易型开放式指数证券投资基金,货币金融服务,金融地产
159400,景顺长城深证AAA科技创新公司债交易型开放式指数证券投资基金,软件和信息技术服务业,TMT
159500,富国中证500交易型开放式指数证券投资基金,综合,消费
159501,嘉实纳斯达克100交易型开放式指数证券投资基金(QDII),综合,消费
159502,嘉实标普生物科技精选行业交易型开放式指数证券投资基金(QDII),医药制造业,医药健康
159503,鹏扬国证财富管理交易型开放式指数证券投资基金,综合,消费
159505,博时国证2000交易型开放式指数证券投资基金,综合,消费
159506,富国恒生港股通创新药及医疗保健交易型开放式指数证券投资基金,医药制造业,医药健康
159507,广发国证通信交易型开放式指数证券投资基金,计算机、通信和其他电子设备制造业,TMT
159508,华安国证生物医药交易型开放式指数证券投资基金,医药制造业,医药健康
159509,景顺长城纳斯达克科技市值加权交易型开放式指数证券投资基金(QDII),软件和信息技术服务业,TMT
159510,华夏中证智选300价值稳健策略交易型开放式指数证券投资基金,综合,消费
159511,南方中证通信服务交易型开放式指数证券投资基金,计算机、通信和其他电子设备制造业,TMT
159512,广发中证全指汽车交易型开放式指数证券投资基金,汽车制造业,消费
159513,大成纳斯达克100交易型开放式指数证券投资基金(QDII),综合,消费
159515,鹏扬中证国有企业红利交易型开放式指数证券投资基金,综合,消费
159516,国泰中证半导体材料设备主题交易型开放式指数证券投资基金,计算机、通信和其他电子设备制造业,TMT
159517,银华中证800增强策略交易型开放式指数证券投资基金,综合,消费
159518,嘉实标普石油天然气勘探及生产精选行业交易型开放式指数证券投资基金(QDII),石油和天然气开采业,能源与原材料
159519,国泰中证香港内地国有企业交易型开放式指数证券投资基金(QDII),综合,消费
159520,工银瑞信中证消费龙头交易型开放式指数证券投资基金,零售业,消费
159521,平安国证2000交易型开放式指数证券投资基金,综合,消费
159522,景顺长城国证2000交易型开放式指数证券投资基金,综合,消费
159523,华夏中证智选300成长创新策略交易型开放式指数证券投资基金,综合,消费
159525,富国中证红利低波动交易型开放式指数证券投资基金,综合,消费
159526,嘉实中证机器人交易型开放式指数证券投资基金,综合,消费
159527,广发中证云计算与大数据主题交易型开放式指数证券投资基金,软件和信息技术服务业,TMT
159528,富国中证国有企业改革交易型开放式指数证券投资基金,综合,消费
159529,景顺长城标普消费精选交易型开放式指数证券投资基金(QDII),零售业,消费
159530,易方达国证机器人产业交易型开放式指数证券投资基金,综合,消费
159531,南方中证2000交易型开放式指数证券投资基金,综合,消费
159532,易方达中证2000交易型开放式指数证券投资基金,综合,消费
159533,博时中证2000交易型开放式指数证券投资基金,综合,消费
159535,嘉实中证2000交易型开放式指数证券投资基金,综合,消费
159536,汇添富中证2000交易型开放式指数证券投资基金,综合,消费
159537,国泰国证信息技术创新主题交易型开放式指数证券投资基金,综合,消费
159538,富国国证信息技术创新主题交易型开放式指数证券投资基金,综合,消费
159539,广发国证信息技术创新主题交易型开放式指数证券投资基金,综合,消费
159540,易方达国证信息技术创新主题交易型开放式指数证券投资基金,综合,消费
159541,万家创业板综合交易型开放式指数证券投资基金,综合,消费
159542,大成中证工程机械主题交易型开放式指数证券投资基金,通用设备制造业,工业与建筑
159543,工银瑞信国证2000交易型开放式指数证券投资基金,综合,消费
159545,易方达恒生港股通高股息低波动交易型开放式指数证券投资基金,综合,消费
159546,国泰中证全指集成电路交易型开放式指数证券投资基金,计算机、通信和其他电子设备制造业,TMT
159547,华夏中证红利低波动交易型开放式指数证券投资基金,综合,消费
159549,天弘中证红利低波动100交易型开放式指数证券投资基金,综合,消费
159550,西藏东财中证沪港深互联网交易型开放式指数证券投资基金,软件和信息技术服务业,TMT
159551,国泰中证机器人交易型开放式指数证券投资基金,综合,消费
159552,招商中证2000增强策略交易型开放式指数证券投资基金,综合,消费
159553,海富通中证2000增强策略交易型开放式指数证券投资基金,综合,消费
159555,银华中证2000增强策略交易型开放式指数证券投资基金,综合,消费
159556,平安中证2000增强策略交易型开放式指数证券投资基金,综合,消费
159557,嘉实恒生医疗保健交易型开放式指数证券投资基金(QDII),卫生,医药健康
159558,易方达中证半导体材料设备主题交易型开放式指数证券投资基金,计算机、通信和其他电子设备制造业,TMT
159559,景顺长城国证机器人产业交易型开放式指数证券投资基金,综合,消费
159560,景顺长城中证芯片产业交易型开放式指数证券投资基金,计算机、通信和其他电子设备制造业,TMT
159561,嘉实德国DAX交易型开放式指数证券投资基金(QDII),综合,消费
159562,华夏中证沪深港黄金产业股票交易型开放式指数证券投资基金,有色金属冶炼和压延加工业,能源与原材料
159563,华夏创业板综合交易型开放式指数证券投资基金,综合,消费
159565,易方达中证汽车零部件主题交易型开放式指数证券投资基金,汽车制造业,消费
159566,易方达国证新能源电池交易型开放式指数证券投资基金,综合,消费
159567,银华国证港股通创新药交易型开放式指数证券投资基金,医药制造业,医药健康
159568,博时中证港股通互联网交易型开放式指数证券投资基金,软件和信息技术服务业,TMT
159569,景顺长城国证港股通红利低波动率交易型开放式指数证券投资基金,综合,消费
159570,汇添富国证港股通创新药交易型开放式指数证券投资基金,医药制造业,医药健康
159571,富国创业板中盘200交易型开放式指数证券投资基金,综合,消费
159572,易方达创业板中盘200交易型开放式指数证券投资基金,综合,消费
159573,华夏创业板中盘200交易型开放式指数证券投资基金,综合,消费
159575,银华创业板中盘200交易型开放式指数证券投资基金,综合,消费
159576,广发深证100交易型开放式指数证券投资基金,综合,消费
159577,汇添富MSCI美国50交易型开放式指数证券投资基金(QDII),综合,消费
159578,南方深证主板50交易型开放式指数证券投资基金,综合,消费
159579,华安深证主板50交易型开放式指数证券投资基金,综合,消费
159581,万家中证红利交易型开放式指数证券投资基金,综合,消费
159582,博时中证半导体产业交易型开放式指数证券投资基金,计算机、通信和其他电子设备制造业,TMT
159583,富国中证通信设备主题交易型开放式指数证券投资基金,计算机、通信和其他电子设备制造业,TMT
159586,南方中证全指计算机交易型开放式指数证券投资基金,综合,消费
159587,广发国证粮食产业交易型开放式指数证券投资基金,农副食品加工业,消费
159588,景顺长城国证石油天然气交易型开放式指数证券投资基金,石油和天然气开采业,能源与原材料
159589,广发中证红利交易型开放式指数证券投资基金,综合,消费
159590,汇添富中证全指软件交易型开放式指数证券投资基金,软件和信息技术服务业,TMT
159591,富国中证A50交易型开放式指数证券投资基金,综合,消费
159592,银华中证A50交易型开放式指数证券投资基金,综合,消费
159593,平安中证A50交易型开放式指数证券投资基金,综合,消费
159595,大成中证A50交易型开放式指数证券投资基金,综合,消费
159596,华宝中证A50交易型开放式指数证券投资基金,综合,消费
159597,易方达创业板成长交易型开放式指数证券投资基金,综合,消费
159599,西藏东财中证芯片产业交易型开放式指数证券投资基金,计算机、通信和其他电子设备制造业,TMT
159600,嘉实中证AAA科技创新公司债交易型开放式指数证券投资基金,软件和信息技术服务业,TMT
159601,华夏MSCI中国A50互联互通交易型开放式指数证券投资基金,综合,消费
159602,南方MSCI中国A50互联互通交易型开放式指数证券投资基金,综合,消费
159603,天弘中证科创创业50交易型开放式指数证券投资基金,综合,消费
159605,广发中证海外中国互联网30交易型开放式指数证券投资基金(QDII),软件和信息技术服务业,TMT
159606,易方达中证500质量成长交易型开放式指数证券投资基金,综合,消费
159607,嘉实中证海外中国互联网30交易型开放式指数证券投资基金(QDII),软件和信息技术服务业,TMT
159608,广发中证稀有金属主题交易型开放式指数证券投资基金,有色金属冶炼和压延加工业,能源与原材料
159609,浦银安盛中证光伏产业交易型开放式指数证券投资基金,电气机械和器材制造业,工业与建筑
159610,景顺长城中证500增强策略交易型开放式指数证券投资基金,综合,消费
159611,广发中证全指电力公用事业交易型开放式指数证券投资基金,水的生产和供应业,公用事业与交运
159612,国泰标普500交易型开放式指数证券投资基金(QDII),综合,消费
159613,嘉实中证信息安全主题交易型开放式指数证券投资基金,软件和信息技术服务业,TMT
159615,南方恒生生物科技交易型开放式指数证券投资基金(QDII),医药制造业,医药健康
159616,建信中证农牧主题交易型开放式指数证券投资基金,农、林、牧、渔专业及辅助性活动,消费
159617,华夏中证智选500价值稳健策略交易型开放式指数证券投资基金,综合,消费
159618,华安中证光伏产业交易型开放式指数证券投资基金,电气机械和器材制造业,工业与建筑
159619,国泰中证基建交易型开放式指数证券投资基金,土木工程建筑业,工业与建筑
159620,华夏中证智选500成长创新策略交易型开放式指数证券投资基金,综合,消费
159621,国泰MSCI中国A股ESG通用交易型开放式指数证券投资基金,生态保护和环境治理业,公用事业与交运
159622,西藏东财中证沪港深创新药产业交易型开放式指数证券投资基金,医药制造业,医药健康
159623,博时中证成渝地区双城经济圈成份交易型开放式指数证券投资基金,综合,消费
159625,嘉实国证绿色电力交易型开放式指数证券投资基金,电力、热力生产和供应业,公用事业与交运
159627,华夏中证A100交易型开放式指数证券投资基金,综合,消费
159628,万家国证2000交易型开放式指数证券投资基金,综合,消费
159629,富国中证1000交易型开放式指数证券投资基金,综合,消费
159630,汇添富中证A100交易型开放式指数证券投资基金,综合,消费
159631,招商中证A100交易型开放式指数证券投资基金,综合,消费
159632,华安纳斯达克100交易型开放式指数证券投资基金(QDII),综合,消费
159633,易方达中证1000交易型开放式指数证券投资基金,综合,消费
159635,华夏中证基建交易型开放式指数证券投资基金,土木工程建筑业,工业与建筑
159636,工银瑞信国证港股通科技交易型开放式指数证券投资基金,软件和信息技术服务业,TMT
159637,西藏东财中证新能源汽车交易型开放式指数证券投资基金,汽车制造业,消费
159638,嘉实中证高端装备细分50交易型开放式指数证券投资基金,专用设备制造业,工业与建筑
159639,南方中证上海环交所碳中和交易型开放式指数证券投资基金,生态保护和环境治理业,公用事业与交运
159640,工银瑞信中证上海环交所碳中和交易型开放式指数证券投资基金,生态保护和环境治理业,公用事业与交运
159641,招商中证上海环交所碳中和交易型开放式指数证券投资基金,生态保护和环境治理业,公用事业与交运
159642,大成中证上海环交所碳中和交易型开放式指数证券投资基金,生态保护和环境治理业,公用事业与交运
159643,国泰国证疫苗与生物科技交易型开放式指数证券投资基金,医药制造业,医药健康
159645,富国国证疫苗与生物科技交易型开放式指数证券投资基金,医药制造业,医药健康
159646,华泰柏瑞国证疫苗与生物科技交易型开放式指数证券投资基金,医药制造业,医药健康
159647,鹏华中证中药交易型开放式指数证券投资基金,医药制造业,医药健康
159649,华安中债1-5年国开行债券交易型开放式指数证券投资基金,资本市场服务,金融地产
159650,博时中债0-3年国开行债券交易型开放式指数证券投资基金,资本市场服务,金融地产
159651,平安中债-0-3年国开行债券交易型开放式指数证券投资基金,资本市场服务,金融地产
159652,汇添富中证细分有色金属产业主题交易型开放式指数证券投资基金,有色金属冶炼和压延加工业,能源与原材料
159653,国联安国证ESG300交易型开放式指数证券投资基金,生态保护和环境治理业,公用事业与交运
159655,华夏标普500交易型开放式指数证券投资基金(QDII),综合,消费
159656,万家沪深300成长交易型开放式指数证券投资基金,综合,消费
159657,鹏华国证疫苗与生物科技交易型开放式指数证券投资基金,医药制造业,医药健康
159658,华安中证数字经济主题交易型开放式指数证券投资基金,软件和信息技术服务业,TMT
159659,招商纳斯达克100交易型开放式指数证券投资基金(QDII),综合,消费
159660,汇添富纳斯达克100交易型开放式指数证券投资基金(QDII),综合,消费
159661,嘉实中证A100交易型开放式指数证券投资基金,综合,消费
159662,南方国证交通运输行业交易型开放式指数证券投资基金,道路运输业,公用事业与交运
159663,华夏中证机床交易型开放式指数证券投资基金,专用设备制造业,工业与建筑
159665,工银瑞信国证半导体芯片交易型开放式指数证券投资基金,计算机、通信和其他电子设备制造业,TMT
159666,华夏中证全指运输交易型开放式指数证券投资基金,道路运输业,公用事业与交运
159667,国泰中证机床交易型开放式指数证券投资基金,专用设备制造业,工业与建筑
159669,国泰国证绿色电力交易型开放式指数证券投资基金,电力、热力生产和供应业,公用事业与交运
159670,国联安中证消费50交易型开放式指数证券投资基金,零售业,消费
159671,工银瑞信中证稀有金属主题交易型开放式指数证券投资基金,有色金属冶炼和压延加工业,能源与原材料
159672,博时中证主要消费交易型开放式指数证券投资基金,零售业,消费
159673,鹏华沪深300交易型开放式指数证券投资基金1,综合,消费
159675,嘉实创业板增强策略交易型开放式指数证券投资基金,综合,消费
159676,富国创业板增强策略交易型开放式指数证券投资基金,综合,消费
159677,银华中证1000增强策略交易型开放式指数证券投资基金,综合,消费
159678,博时中证500增强策略交易型开放式指数证券投资基金,综合,消费
159679,国泰中证1000增强策略交易型开放式指数证券投资基金,综合,消费
159680,招商中证1000增强策略交易型开放式指数证券投资基金,综合,消费
159681,鹏华创业板50交易型开放式指数证券投资基金,综合,消费
159682,景顺长城创业板50交易型开放式指数证券投资基金,综合,消费
159683,嘉实中证内地运输主题交易型开放式指数证券投资基金,道路运输业,公用事业与交运
159685,天弘中证1000增强策略交易型开放式指数证券投资基金,综合,消费
159686,易方达中证A100交易型开放式指数证券投资基金,综合,消费
159687,南方基金南方东英富时亚太低碳精选交易型开放式指数证券投资基金(QDII),综合,消费
159688,华安恒生互联网科技业交易型开放式指数证券投资基金(QDII),软件和信息技术服务业,TMT
159689,南方中证主要消费交易型开放式指数证券投资基金,零售业,消费
159690,招商中证有色金属矿业主题交易型开放式指数证券投资基金,有色金属矿采选业,能源与原材料
159691,工银瑞信中证港股通高股息精选交易型开放式指数证券投资基金,综合,消费
159692,西藏东财中证证券公司30交易型开放式指数证券投资基金,综合,消费
159693,华泰柏瑞中证有色金属矿业主题交易型开放式指数证券投资基金,有色金属矿采选业,能源与原材料
159695,嘉实国证通信交易型开放式指数证券投资基金,计算机、通信和其他电子设备制造业,TMT
159696,易方达纳斯达克100交易型开放式指数证券投资基金(QDII),综合,消费
159697,鹏华国证石油天然气交易型开放式指数证券投资基金,石油和天然气开采业,能源与原材料
159698,鹏华国证粮食产业交易型开放式指数证券投资基金,农副食品加工业,消费
159699,广发恒生消费交易型开放式指数证券投资基金(QDII),零售业,消费
159700,南方中证AAA科技创新公司债交易型开放式指数证券投资基金,软件和信息技术服务业,TMT
159701,招商中证物联网主题交易型开放式指数证券投资基金,综合,消费
159702,汇添富中证人工智能主题交易型开放式指数证券投资基金,综合,消费
159703,天弘中证新材料主题交易型开放式指数证券投资基金,综合,消费
159706,华安深证100交易型开放式指数证券投资基金,综合,消费
159707,华宝中证800地产交易型开放式指数证券投资基金,房地产业,金融地产
159708,西部利得深证红利交易型开放式指数证券投资基金,综合,消费
159709,工银瑞信深证物联网50交易型开放式指数证券投资基金,综合,消费
159710,建信中证智能电动汽车交易型开放式指数证券投资基金,汽车制造业,消费
159711,华夏中证港股通50交易型开放式指数证券投资基金,综合,消费
159712,国泰中证港股通50交易型开放式指数证券投资基金,综合,消费
159713,富国中证稀土产业交易型开放式指数证券投资基金,有色金属冶炼和压延加工业,能源与原材料
159715,易方达中证稀土产业交易型开放式指数证券投资基金,有色金属冶炼和压延加工业,能源与原材料
159716,华宝深证100交易型开放式指数证券投资基金,综合,消费
159717,鹏华国证ESG300交易型开放式指数证券投资基金,生态保护和环境治理业,公用事业与交运
159718,平安中证港股通医药卫生综合交易型开放式指数证券投资基金,医药制造业,医药健康
159719,平安富时中国国企开放共赢交易型开放式指数证券投资基金,综合,消费
159720,泰康中证智能电动汽车交易型开放式指数证券投资基金,汽车制造业,消费
159721,永赢深证100交易型开放式指数证券投资基金,综合,消费
159723,汇添富中证沪港深科技龙头交易型开放式指数证券投资基金,软件和信息技术服务业,TMT
159725,工银瑞信中证线上消费主题交易型开放式指数证券投资基金,零售业,消费
159726,华夏恒生中国内地企业高股息率交易型开放式指数证券投资基金,综合,消费
159728,南方国证在线消费交易型开放式指数证券投资基金,零售业,消费
159729,汇添富中证沪港深互联网交易型开放式指数证券投资基金,软件和信息技术服务业,TMT
159730,博时国证龙头家电交易型开放式指数证券投资基金,金属制品业,能源与原材料
159731,华夏中证石化产业交易型开放式指数证券投资基金,石油、煤炭及其他燃料加工业,能源与原材料
159732,华夏国证消费电子主题交易型开放式指数证券投资基金,零售业,消费
159733,景顺长城中证消费电子主题交易型开放式指数证券投资基金,零售业,消费
159735,银华中证港股通消费主题交易型开放式指数证券投资基金,零售业,消费
159736,天弘中证食品饮料交易型开放式指数证券投资基金,酒、饮料和精制茶制造业,消费
159738,华泰柏瑞中证沪港深云计算产业交易型开放式指数证券投资基金,软件和信息技术服务业,TMT
159739,鹏华中证云计算与大数据主题交易型开放式指数证券投资基金,软件和信息技术服务业,TMT
159740,大成恒生科技交易型开放式指数证券投资基金(QDII),软件和信息技术服务业,TMT
159741,嘉实恒生科技交易型开放式指数证券投资基金(QDII),软件和信息技术服务业,TMT
159742,博时恒生科技交易型开放式指数证券投资基金(QDII),软件和信息技术服务业,TMT
159743,博时中证湖北新旧动能转换交易型开放式指数证券投资基金,综合,消费
159745,国泰中证全指建筑材料交易型开放式指数证券投资基金,非金属矿物制品业,能源与原材料
159747,南方中证香港科技交易型开放式指数证券投资基金(QDII),软件和信息技术服务业,TMT
159748,富国中证沪港深创新药产业交易型开放式指数证券投资基金,医药制造业,医药健康
159750,招商中证香港科技交易型开放式指数证券投资基金(QDII),软件和信息技术服务业,TMT
159751,鹏华中证港股通科技交易型开放式指数证券投资基金,软件和信息技术服务业,TMT
159752,申万菱信中证内地新能源主题交易型开放式指数证券投资基金,综合,消费
159755,广发国证新能源车电池交易型开放式指数证券投资基金,综合,消费
159757,景顺长城国证新能源车电池交易型开放式指数证券投资基金,综合,消费
159758,华夏中证红利质量交易型开放式指数证券投资基金,综合,消费
159760,泰康国证公共卫生与医疗健康交易型开放式指数证券投资基金,卫生,医药健康
159761,国泰中证新材料主题交易型开放式指数证券投资基金,综合,消费
159763,建信中证新材料主题交易型开放式指数证券投资基金,综合,消费
159766,富国中证旅游主题交易型开放式指数证券投资基金,餐饮业,消费
159767,兴银国证新能源车电池交易型开放式指数证券投资基金,综合,消费
159768,银华中证内地地产主题交易型开放式指数证券投资基金,房地产业,金融地产
159769,银华中证消费电子主题交易型开放式指数证券投资基金,零售业,消费
159770,天弘中证机器人交易型开放式指数证券投资基金,综合,消费
159773,华泰柏瑞创业板科技交易型开放式指数证券投资基金,软件和信息技术服务业,TMT
159775,建信国证新能源车电池交易型开放式指数证券投资基金,综合,消费
159776,银华中证港股通医药卫生综合交易型开放式指数证券投资基金,医药制造业,医药健康
159777,国联安创业板科技交易型开放式指数证券投资基金,软件和信息技术服务业,TMT
159778,鹏华中证工业互联网主题交易型开放式指数证券投资基金,软件和信息技术服务业,TMT
159779,招商中证消费电子主题交易型开放式指数证券投资基金,零售业,消费
159780,南方中证科创创业50交易型开放式指数证券投资基金,综合,消费
159781,易方达中证科创创业50交易型开放式指数证券投资基金,综合,消费
159782,银华中证科创创业50交易型开放式指数证券投资基金,综合,消费
159783,华夏中证科创创业50交易型开放式指数证券投资基金,综合,消费
159786,银华中证虚拟现实主题交易型开放式指数证券投资基金,综合,消费
159787,易方达中证全指建筑材料交易型开放式指数证券投资基金,非金属矿物制品业,能源与原材料
159788,易方达中证港股通中国100交易型开放式指数证券投资基金,综合,消费
159789,建信中证饮料主题交易型开放式指数证券投资基金,酒、饮料和精制茶制造业,消费
159790,华夏中证内地低碳经济主题交易型开放式指数证券投资基金,生态保护和环境治理业,公用事业与交运
159791,华夏沪深300ESG基准交易型开放式指数证券投资基金,生态保护和环境治理业,公用事业与交运
159792,富国中证港股通互联网交易型开放式指数证券投资基金,软件和信息技术服务业,TMT
159793,平安中证沪港深线上消费主题交易型开放式指数证券投资基金,零售业,消费
159795,汇添富中证智能汽车主题交易型开放式指数证券投资基金,汽车制造业,消费
159796,汇添富中证电池主题交易型开放式指数证券投资基金,综合,消费
159797,汇添富中证全指医疗器械交易型开放式指数证券投资基金,医药制造业,医药健康
159798,易方达中证消费50交易型开放式指数证券投资基金,零售业,消费
159800,鹏华中证800交易型开放式指数证券投资基金,综合,消费
159801,广发国证半导体芯片交易型开放式指数证券投资基金,计算机、通信和其他电子设备制造业,TMT
159802,广发中证800交易型开放式指数证券投资基金,综合,消费
159803,易方达中证浙江新动能交易型开放式指数证券投资基金,综合,消费
159804,国寿安保国证创业板中盘精选88交易型开放式指数证券投资基金,综合,消费
159805,鹏华中证传媒交易型开放式指数证券投资基金,广播、电视、电影和录音制作业,TMT
159806,国泰中证新能源汽车交易型开放式指数证券投资基金,汽车制造业,消费
159807,易方达中证科技50交易型开放式指数证券投资基金,软件和信息技术服务业,TMT
159808,融通创业板交易型开放式指数证券投资基金,综合,消费
159809,博时恒生沪深港通大湾区综合交易型开放式指数证券投资基金,综合,消费
159810,浦银安盛创业板交易型开放式指数证券投资基金,综合,消费
159811,博时中证5G产业50交易型开放式指数证券投资基金,综合,消费
159812,前海开源黄金交易型开放式证券投资基金,有色金属冶炼和压延加工业,能源与原材料
159813,鹏华国证半导体芯片交易型开放式指数证券投资基金,计算机、通信和其他电子设备制造业,TMT
159814,西部利得创业板大盘交易型开放式指数证券投资基金,综合,消费
159815,招商中证浙江100交易型开放式指数证券投资基金,综合,消费
159816,鹏华中证0-4年期地方政府债交易型开放式指数证券投资基金,综合,消费
159819,易方达中证人工智能主题交易型开放式指数证券投资基金,综合,消费
159820,天弘中证500交易型开放式指数证券投资基金,综合,消费
159821,中银证券创业板交易型开放式指数证券投资基金,综合,消费
159822,银华工银南方东英标普中国新经济行业交易型开放式指数证券投资基金(QDII),综合,消费
159823,嘉实恒生中国企业交易型开放式指数证券投资基金(QDII),综合,消费
159824,博时中证新能源汽车交易型开放式指数证券投资基金,汽车制造业,消费
159825,富国中证农业主题交易型开放式指数证券投资基金,农业,消费
159827,银华中证农业主题交易型开放式指数证券投资基金,农业,消费
159828,国泰中证医疗交易型开放式指数证券投资基金,卫生,医药健康
159830,天弘上海金交易型开放式证券投资基金,综合,消费
159831,嘉实上海金交易型开放式证券投资基金,综合,消费
159832,平安上海金交易型开放式证券投资基金,综合,消费
159833,大成上海金交易型开放式证券投资基金,综合,消费
159834,南方上海金交易型开放式证券投资基金,综合,消费
159835,建信中证创新药产业交易型开放式指数证券投资基金,医药制造业,医药健康
159836,天弘创业板300交易型开放式指数证券投资基金,综合,消费
159837,易方达中证生物科技主题交易型开放式指数证券投资基金,医药制造业,医药健康
159838,博时中证医药50交易型开放式指数证券投资基金,医药制造业,医药健康
159839,汇添富国证生物医药交易型开放式指数证券投资基金,医药制造业,医药健康
159840,工银瑞信国证新能源车电池交易型开放式指数证券投资基金,综合,消费
159841,天弘中证全指证券公司交易型开放式指数证券投资基金,综合,消费
159842,银华中证全指证券公司交易型开放式指数证券投资基金,综合,消费
159843,招商国证食品饮料行业交易型开放式指数证券投资基金,酒、饮料和精制茶制造业,消费
159845,华夏中证1000交易型开放式指数证券投资基金,综合,消费
159846,建信中证1000交易型开放式指数证券投资基金,综合,消费
159847,易方达中证医疗交易型开放式指数证券投资基金,卫生,医药健康
159848,国联安中证全指证券公司交易型开放式指数证券投资基金,综合,消费
159849,招商中证生物科技主题交易型开放式指数证券投资基金,医药制造业,医药健康
159850,华夏恒生中国企业交易型开放式指数证券投资基金(QDII),综合,消费
159851,华宝中证金融科技主题交易型开放式指数证券投资基金,软件和信息技术服务业,TMT
159852,嘉实中证软件服务交易型开放式指数证券投资基金,软件和信息技术服务业,TMT
159853,南方中证科技100交易型开放式指数证券投资基金,软件和信息技术服务业,TMT
159855,银华中证影视主题交易型开放式指数证券投资基金,广播、电视、电影和录音制作业,TMT
159856,工银瑞信中证沪港深互联网交易型开放式指数证券投资基金,软件和信息技术服务业,TMT
159857,天弘中证光伏产业交易型开放式指数证券投资基金,电气机械和器材制造业,工业与建筑
159858,南方中证创新药产业交易型开放式指数证券投资基金,医药制造业,医药健康
159859,天弘国证生物医药交易型开放式指数证券投资基金,医药制造业,医药健康
159861,国泰中证环保产业50交易型开放式指数证券投资基金,生态保护和环境治理业,公用事业与交运
159862,银华中证细分食品饮料产业主题交易型开放式指数证券投资基金,酒、饮料和精制茶制造业,消费
159863,鹏华中证光伏产业交易型开放式指数证券投资基金,电气机械和器材制造业,工业与建筑
159864,国泰中证光伏产业交易型开放式指数证券投资基金,电气机械和器材制造业,工业与建筑
159865,国泰中证畜牧养殖交易型开放式指数证券投资基金,畜牧业,消费
159866,工银瑞信大和日经225交易型开放式指数证券投资基金(QDII),综合,消费
159867,鹏华中证畜牧养殖交易型开放式指数证券投资基金,畜牧业,消费
159869,华夏中证动漫游戏交易型开放式指数证券投资基金,广播、电视、电影和录音制作业,TMT
159870,鹏华中证细分化工产业主题交易型开放式指数证券投资基金,综合,消费
159871,银华中证有色金属交易型开放式指数证券投资基金,有色金属冶炼和压延加工业,能源与原材料
159872,鹏华中证车联网主题交易型开放式指数证券投资基金,综合,消费
159873,天弘中证全指医疗保健设备与服务交易型开放式指数证券投资基金,卫生,医药健康
159875,嘉实中证新能源交易型开放式指数证券投资基金,综合,消费
159876,华宝中证有色金属交易型开放式指数证券投资基金,有色金属冶炼和压延加工业,能源与原材料
159877,南方中证全指医疗保健设备与服务交易型开放式指数证券投资基金,卫生,医药健康
159880,鹏华国证有色金属行业交易型开放式指数证券投资基金,有色金属冶炼和压延加工业,能源与原材料
159881,国泰中证有色金属交易型开放式指数证券投资基金,有色金属冶炼和压延加工业,能源与原材料
159883,永赢中证全指医疗器械交易型开放式指数证券投资基金,医药制造业,医药健康
159885,鹏华中证内地低碳经济主题交易型开放式指数证券投资基金,生态保护和环境治理业,公用事业与交运
159886,富国中证细分机械设备产业主题交易型开放式指数证券投资基金,通用设备制造业,工业与建筑
159887,富国中证800银行交易型开放式指数证券投资基金,综合,消费
159888,华夏中证智能汽车主题交易型开放式指数证券投资基金,汽车制造业,消费
159889,国泰中证智能汽车主题交易型开放式指数证券投资基金,汽车制造业,消费
159890,招商中证云计算与大数据主题交易型开放式指数证券投资基金,软件和信息技术服务业,TMT
159891,建信中证全指医疗保健设备与服务交易型开放式指数证券投资基金,卫生,医药健康
159892,华夏恒生生物科技交易型开放式指数证券投资基金(QDII),医药制造业,医药健康
159895,易方达中证物联网主题交易型开放式指数证券投资基金,综合,消费
159896,南方中证物联网主题交易型开放式指数证券投资基金,综合,消费
159897,建信中证物联网主题交易型开放式指数证券投资基金,综合,消费
159898,招商中证全指医疗器械交易型开放式指数证券投资基金,医药制造业,医药健康
159899,招商中证全指软件交易型开放式指数证券投资基金,软件和信息技术服务业,TMT
159901,易方达深证100交易型开放式指数证券投资基金,综合,消费
159902,中小企业100交易型开放式指数基金,综合,消费
159903,深证成份交易型开放式指数证券投资基金,综合,消费
159905,深证红利交易型开放式指数证券投资基金,综合,消费
159906,深证成长40交易型开放式指数证券投资基金,综合,消费
159907,广发国证2000交易型开放式指数证券投资基金,综合,消费
159908,博时创业板交易型开放式指数证券投资基金,综合,消费
159909,深证电子信息传媒产业(TMT)50交易型开放式指数证券投资基金,广播、电视、电影和录音制作业,TMT
159910,深证基本面120交易型开放式指数证券投资基金,综合,消费
159911,深证民营交易型开放式指数证券投资基金,综合,消费
159912,深证300交易型开放式指数证券投资基金,综合,消费
159913,深证300价值交易型开放式指数证券投资基金,综合,消费
159915,易方达创业板交易型开放式指数证券投资基金,综合,消费
159916,深证基本面60交易型开放式指数证券投资基金,综合,消费
159917,中小板300成长交易型开放式指数证券投资基金,综合,消费
159918,中创400交易型开放式指数证券投资基金,综合,消费
159919,嘉实沪深300交易型开放式指数证券投资基金,综合,消费
159920,恒生交易型开放式指数证券投资基金,综合,消费
159921,中小板等权重交易型开放式指数证券投资基金,综合,消费
159922,嘉实中证500交易型开放式指数证券投资基金,综合,消费
159923,大成中证A100交易型开放式指数证券投资基金,综合,消费
159924,景顺长城沪深300等权重交易型开放式指数证券投资基金,综合,消费
159925,南方沪深300交易型开放式指数证券投资基金,综合,消费
159926,嘉实中证金边中期国债交易型开放式指数证券投资基金,综合,消费
159927,鹏华沪深300交易型开放式指数证券投资基金,综合,消费
159928,中证主要消费交易型开放式指数证券投资基金,零售业,消费
159929,中证医药卫生交易型开放式指数证券投资基金,医药制造业,医药健康
159930,中证能源交易型开放式指数证券投资基金,综合,消费
159931,中证金融地产交易型开放式指数证券投资基金,房地产业,金融地产
159932,大成中证500深市交易型开放式指数证券投资基金,综合,消费
159933,国投瑞银沪深300金融地产交易型开放式指数证券投资基金,房地产业,金融地产
159934,易方达黄金交易型开放式证券投资基金,有色金属冶炼和压延加工业,能源与原材料
159935,景顺长城中证500交易型开放式指数证券投资基金,综合,消费
159936,广发中证全指可选消费交易型开放式指数证券投资基金,零售业,消费
159937,博时黄金交易型开放式证券投资基金,有色金属冶炼和压延加工业,能源与原材料
159938,广发中证全指医药卫生交易型开放式指数证券投资基金,医药制造业,医药健康
159939,广发中证全指信息技术交易型开放式指数证券投资基金,综合,消费
159940,广发中证全指金融地产交易型开放式指数证券投资基金,房地产业,金融地产
159941,广发纳斯达克100交易型开放式指数证券投资基金,综合,消费
159942,华润元大中创100交易型开放式指数证券投资基金,综合,消费
159943,大成深证成份交易型开放式指数证券投资基金,综合,消费
159944,广发中证全指原材料交易型开放式指数证券投资基金,综合,消费
159945,广发中证全指能源交易型开放式指数证券投资基金,综合,消费
159946,广发中证全指主要消费交易型开放式指数证券投资基金,零售业,消费
159948,南方创业板交易型开放式指数证券投资基金,综合,消费
159949,华安创业板50交易型开放式指数证券投资基金,综合,消费
159950,易方达深证成指交易型开放式指数证券投资基金,综合,消费
159951,嘉实中关村A股交易型开放式指数证券投资基金,综合,消费
159952,广发创业板交易型开放式指数证券投资基金,综合,消费
159953,广发中证全指工业交易型开放式指数证券投资基金,综合,消费
159954,南方恒生中国企业交易型开放式指数证券投资基金,综合,消费
159955,嘉实创业板交易型开放式指数证券投资基金,综合,消费
159956,建信创业板交易型开放式指数证券投资基金,综合,消费
159957,华夏创业板交易型开放式指数证券投资基金,综合,消费
159958,工银瑞信创业板交易型开放式指数证券投资基金,综合,消费
159959,银华中证央企结构调整交易型开放式指数证券投资基金,综合,消费
159960,平安港股通恒生中国企业交易型开放式指数证券投资基金,综合,消费
159961,方正富邦深证100交易型开放式指数证券投资基金,综合,消费
159962,华夏中证四川国企改革交易型开放式指数证券投资基金,综合,消费
159963,富国恒生中国企业交易型开放式指数证券投资基金,综合,消费
159964,平安创业板交易型开放式指数证券投资基金,综合,消费
159965,国联央视财经50交易型开放式指数证券投资基金,综合,消费
159966,华夏创业板低波价值交易型开放式指数证券投资基金,综合,消费
159967,华夏创业板动量成长交易型开放式指数证券投资基金,综合,消费
159968,博时中证500交易型开放式指数证券投资基金,综合,消费
159969,银华深证100交易型开放式指数证券投资基金,综合,消费
159970,工银瑞信深证100交易型开放式指数证券投资基金,综合,消费
159971,富国创业板交易型开放式指数证券投资基金,综合,消费
159972,鹏华中证5年期地方政府债交易型开放式指数证券投资基金,综合,消费
159973,弘毅远方国证民企领先100交易型开放式指数证券投资基金,综合,消费
159974,富国中证央企创新驱动交易型开放式指数证券投资基金,综合,消费
159975,招商深证100交易型开放式指数证券投资基金,综合,消费
159976,工银瑞信粤港澳大湾区创新100交易型开放式指数证券投资基金,综合,消费
159977,天弘创业板交易型开放式指数证券投资基金,综合,消费
159978,建信中证沪港深粤港澳大湾区发展主题交易型开放式指数证券投资基金,综合,消费
159979,广发粤港澳大湾区创新100交易型开放式指数证券投资基金,综合,消费
159980,大成有色金属期货交易型开放式指数证券投资基金,有色金属冶炼和压延加工业,能源与原材料
159981,建信易盛郑商所能源化工期货交易型开放式指数证券投资基金,综合,消费
159982,鹏华中证500交易型开放式指数证券投资基金,综合,消费
159983,华夏粤港澳大湾区创新100交易型开放式指数证券投资基金,综合,消费
159984,南方粤港澳大湾区创新100交易型开放式指数证券投资基金,综合,消费
159985,华夏饲料豆粕期货交易型开放式证券投资基金,综合,消费
159986,弘毅远方国证消费100交易型开放式指数证券投资基金,零售业,消费
159987,银华中证研发创新100交易型开放式指数证券投资基金,综合,消费
159988,平安中债-0-5年广东省地方政府债交易型开放式指数证券投资基金,综合,消费
159990,银华巨潮小盘价值交易型开放式指数证券投资基金,综合,消费
159991,招商创业板大盘交易型开放式指数证券投资基金,综合,消费
159992,银华中证创新药产业交易型开放式指数证券投资基金,医药制造业,医药健康
159993,鹏华国证证券龙头交易型开放式指数证券投资基金,综合,消费
159994,银华中证5G通信主题交易型开放式指数证券投资基金,计算机、通信和其他电子设备制造业,TMT
159995,华夏国证半导体芯片交易型开放式指数证券投资基金,计算机、通信和其他电子设备制造业,TMT
159996,国泰中证全指家用电器交易型开放式指数证券投资基金,金属制品业,能源与原材料
159997,天弘中证电子交易型开放式指数证券投资基金,综合,消费
159998,天弘中证计算机主题交易型开放式指数证券投资基金,综合,消费
159999,永赢中证500交易型开放式指数证券投资基金,综合,消费
161608,融通易支付货币市场证券投资基金,货币金融服务,金融地产
270004,广发货币市场基金,货币金融服务,金融地产
510010,上证180公司治理交易型开放式指数证券投资基金,综合,消费
510020,上证超级大盘交易型开放式指数证券投资基金,综合,消费
510030,上证180价值交易型开放式指数证券投资基金,综合,消费
510040,鹏华上证180交易型开放式指数证券投资基金,综合,消费
510050,上证50交易型开放式指数证券投资基金,综合,消费
510060,上证中央企业50交易型开放式指数证券投资基金,综合,消费
510070,上证民营企业50交易型开放式指数证券投资基金,综合,消费
510090,上证社会责任交易型开放式指数证券投资基金,综合,消费
510100,易方达上证50交易型开放式指数证券投资基金,综合,消费
510110,海富通上证周期行业50交易型开放式指数证券投资基金,综合,消费
510120,上证非周期行业100交易型开放式指数证券投资基金,综合,消费
510130,易方达上证中盘交易型开放式指数证券投资基金,综合,消费
510150,上证消费80交易型开放式指数证券投资基金,零售业,消费
510160,中证南方小康产业交易型开放式指数证券投资基金,综合,消费
510170,上证大宗商品股票交易型开放式指数证券投资基金,综合,消费
510180,上证180交易型开放式指数证券投资基金,综合,消费
510190,华安上证50交易型开放式指数证券投资基金,综合,消费
510200,汇安上证证券交易型开放式指数证券投资基金,综合,消费
510210,上证综指交易型开放式指数证券投资基金,综合,消费
510220,上证中小盘交易型开放式指数证券投资基金,综合,消费
510230,上证180金融交易型开放式指数证券投资基金,综合,消费
510260,上证新兴产业交易型开放式指数证券投资基金,综合,消费
510270,上证国有企业100交易型开放式指数证券投资基金,综合,消费
510280,上证180成长交易型开放式指数证券投资基金,综合,消费
510290,上证380交易型开放式指数证券投资基金,综合,消费
510300,华泰柏瑞沪深300交易型开放式指数证券投资基金,综合,消费
510310,易方达沪深300交易型开放式指数发起式证券投资基金,综合,消费
510320,中金沪深300交易型开放式指数证券投资基金,综合,消费
510330,华夏沪深300交易型开放式指数证券投资基金,综合,消费
510350,工银瑞信沪深300交易型开放式指数证券投资基金,综合,消费
510360,广发沪深300交易型开放式指数证券投资基金,综合,消费
510370,兴业沪深300交易型开放式指数证券投资基金,综合,消费
510380,国寿安保沪深300交易型开放式指数证券投资基金,综合,消费
510390,平安沪深300交易型开放式指数证券投资基金,综合,消费
510410,上证自然资源交易型开放式指数证券投资基金,综合,消费
510420,上证180等权重交易型开放式指数证券投资基金,综合,消费
510430,上证50等权重交易型开放式指数证券投资基金,综合,消费
510440,中证500沪市交易型开放式指数证券投资基金,综合,消费
510450,上证180高贝塔交易型开放式指数证券投资基金,综合,消费
510500,中证500交易型开放式指数证券投资基金,综合,消费
510510,广发中证500交易型开放式指数证券投资基金,综合,消费
510520,诺安中证500交易型开放式指数证券投资基金,综合,消费
510530,工银瑞信中证500交易型开放式指数证券投资基金,综合,消费
510550,方正富邦中证500交易型开放式指数证券投资基金,综合,消费
510560,国寿安保中证500交易型开放式指数证券投资基金,综合,消费
510570,兴业中证500交易型开放式指数证券投资基金,综合,消费
510580,易方达中证500交易型开放式指数证券投资基金,综合,消费
510590,平安中证500交易型开放式指数证券投资基金,综合,消费
510600,申万菱信上证50交易型开放式指数发起式证券投资基金,综合,消费
510610,上证能源交易型开放式指数发起式证券投资基金,综合,消费
510620,上证原材料交易型开放式指数发起式证券投资基金,综合,消费
510630,上证主要消费交易型开放式指数发起式证券投资基金,零售业,消费
510650,上证金融地产交易型开放式指数发起式证券投资基金,房地产业,金融地产
510660,上证医药卫生交易型开放式指数发起式证券投资基金,医药制造业,医药健康
510670,华夏上证180交易型开放式指数证券投资基金,综合,消费
510680,万家上证50交易型开放式指数证券投资基金,综合,消费
510690,兴业上证180金融交易型开放式指数证券投资基金,综合,消费
510700,上证市值百强交易型开放式指数证券投资基金,综合,消费
510710,博时上证50交易型开放式指数证券投资基金,综合,消费
510720,国泰上证国有企业红利交易型开放式指数证券投资基金,综合,消费
510760,国泰上证综合交易型开放式指数证券投资基金,综合,消费
510770,申万菱信上证G60战略新兴产业成份交易型开放式指数证券投资基金,综合,消费
510800,建信上证50交易型开放式指数证券投资基金,综合,消费
510810,中证上海国企交易型开放式指数证券投资基金,综合,消费
510820,上证上海改革发展主题交易型开放式指数发起式证券投资基金,综合,消费
510850,工银瑞信上证50交易型开放式指数证券投资基金,综合,消费
510860,兴业上证50交易型开放式指数证券投资基金,综合,消费
510880,上证红利交易型开放式指数证券投资基金(ETF),综合,消费
510890,兴业上证红利低波动交易型开放式指数证券投资基金,综合,消费
510900,易方达恒生中国企业交易型开放式指数证券投资基金,综合,消费
510950,广发上证50交易型开放式指数证券投资基金,综合,消费
510980,汇添富上证综合交易型开放式指数证券投资基金,综合,消费
510990,工银瑞信中证180ESG交易型开放式指数证券投资基金,生态保护和环境治理业,公用事业与交运
511000,招商中债-0-3年长三角地方政府债交易型开放式指数证券投资基金,综合,消费
511010,上证5年期国债交易型开放式指数证券投资基金,综合,消费
511020,平安中证5-10年期国债活跃券交易型开放式指数证券投资基金,综合,消费
511030,平安中债-中高等级公司债利差因子交易型开放式指数证券投资基金,资本市场服务,金融地产
511050,兴业上证1-5年期地方政府债交易型开放式指数证券投资基金,综合,消费
511060,海富通上证5年期地方政府债交易型开放式指数证券投资基金,综合,消费
511070,南方上证基准做市公司债交易型开放式指数证券投资基金,资本市场服务,金融地产
511090,鹏扬中债-30年期国债交易型开放式指数证券投资基金,综合,消费
511100,华夏上证基准做市国债交易型开放式指数证券投资基金,综合,消费
511110,易方达上证基准做市公司债交易型开放式指数证券投资基金,资本市场服务,金融地产
511120,广发上证AAA科技创新公司债交易型开放式指数证券投资基金,软件和信息技术服务业,TMT
511130,博时上证30年期国债交易型开放式指数证券投资基金,综合,消费
511150,永赢上证AAA科技创新公司债交易型开放式指数证券投资基金,软件和信息技术服务业,TMT
511160,西藏东财中证1-3年国债交易型开放式指数证券投资基金,综合,消费
511180,海富通上证投资级可转债及可交换债券交易型开放式指数证券投资基金,资本市场服务,金融地产
511190,海富通上证基准做市公司债交易型开放式指数证券投资基金,资本市场服务,金融地产
511200,华夏上证基准做市公司债交易型开放式指数证券投资基金,资本市场服务,金融地产
511210,上证企债30交易型开放式指数证券投资基金,综合,消费
511220,上证城投债交易型开放式指数证券投资基金,综合,消费
511230,上证周期产业债交易型开放式指数证券投资基金,综合,消费
511260,上证10年期国债交易型开放式指数证券投资基金,综合,消费
511270,上证10年期地方政府债交易型开放式指数证券投资基金,综合,消费
511280,华夏上证3-5年期中高评级可质押信用债交易型开放式指数证券投资基金,资本市场服务,金融地产
511290,广发上证10年期国债交易型开放式指数证券投资基金,综合,消费
511310,富国中证10年期国债交易型开放式指数证券投资基金,综合,消费
511360,海富通中证短融交易型开放式指数证券投资基金,综合,消费
511380,博时中证可转债及可交换债券交易型开放式指数证券投资基金,资本市场服务,金融地产
511520,富国中债7-10年政策性金融债交易型开放式指数证券投资基金,综合,消费
511580,招商中证国债及政策性金融债0-3年交易型开放式指数证券投资基金,综合,消费
511620,国泰瞬利交易型货币市场基金,货币金融服务,金融地产
511650,华夏快线交易型货币市场基金,货币金融服务,金融地产
511670,华泰紫金天天金交易型货币市场基金,货币金融服务,金融地产
511680,安信保证金交易型货币市场基金,货币金融服务,金融地产
511700,平安交易型货币市场基金,货币金融服务,金融地产
511760,德邦现金宝交易型货币市场基金,货币金融服务,金融地产
511770,金鹰现金增益交易型货币市场基金,货币金融服务,金融地产
511830,华泰柏瑞交易型货币市场基金,货币金融服务,金融地产
511860,博时保证金实时交易型货币市场基金,货币金融服务,金融地产
511880,银华交易型货币市场基金,货币金融服务,金融地产
511890,景顺长城交易型货币市场基金,货币金融服务,金融地产
511900,富国收益宝交易型货币市场基金,货币金融服务,金融地产
511930,国联日日盈交易型货币市场基金,货币金融服务,金融地产
511950,广发添利交易型货币市场基金,货币金融服务,金融地产
511990,华宝现金添益交易型货币市场基金,货币金融服务,金融地产
512000,华宝中证全指证券公司交易型开放式指数证券投资基金,综合,消费
512010,易方达沪深300医药卫生交易型开放式指数证券投资基金,医药制造业,医药健康
512020,鹏华中证A500交易型开放式指数证券投资基金,综合,消费
512030,易方达中证A50增强策略交易型开放式指数证券投资基金,综合,消费
512040,富国中证价值交易型开放式指数证券投资基金,综合,消费
512050,华夏中证A500交易型开放式指数证券投资基金,综合,消费
512060,天弘中证A100交易型开放式指数证券投资基金,综合,消费
512070,易方达沪深300非银行金融交易型开放式指数证券投资基金,综合,消费
512080,中金中证A500交易型开放式指数证券投资基金,综合,消费
512090,易方达MSCI中国A股国际通交易型开放式指数证券投资基金,综合,消费
512100,南方中证1000交易型开放式指数证券投资基金,综合,消费
512110,华安中证细分地产交易型开放式指数证券投资基金,房地产业,金融地产
512120,华安中证细分医药交易型开放式指数证券投资基金,医药制造业,医药健康
512130,鹏华中证全指自由现金流交易型开放式指数证券投资基金,货币金融服务,金融地产
512150,富时中国A50交易型开放式指数证券投资基金,综合,消费
512160,MSCI中国A股国际通交易型开放式指数证券投资基金,综合,消费
512170,华宝中证医疗交易型开放式指数证券投资基金,卫生,医药健康
512180,建信MSCI中国A股国际通交易型开放式指数证券投资基金,综合,消费
512190,浙商汇金中证浙江凤凰行动50交易型开放式指数证券投资基金,综合,消费
512200,南方中证全指房地产交易型开放式指数证券投资基金,房地产业,金融地产
512210,景顺长城中证800食品饮料交易型开放式指数证券投资基金,酒、饮料和精制茶制造业,消费
512220,景顺长城中证科技传媒通信150交易型开放式指数证券投资基金,计算机、通信和其他电子设备制造业,TMT
512230,景顺长城中证医药卫生交易型开放式指数证券投资基金,医药制造业,医药健康
512240,鹏华中证A50交易型开放式指数证券投资基金,综合,消费
512250,招商中证A50交易型开放式指数证券投资基金,综合,消费
512260,华安中证500行业中性低波动交易型开放式指数证券投资基金,综合,消费
512270,华安沪深300行业中性低波动交易型开放式指数证券投资基金,综合,消费
512280,景顺长城MSCI中国A股国际通交易型开放式指数证券投资基金,综合,消费
512290,国泰中证生物医药交易型开放式指数证券投资基金,医药制造业,医药健康
512300,中证500医药卫生指数交易型开放式指数证券投资基金,医药制造业,医药健康
512310,中证500工业指数交易型开放式指数证券投资基金,综合,消费
512320,工银瑞信MSCI中国A股交易型开放式指数证券投资基金,综合,消费
512330,中证500信息技术指数交易型开放式指数证券投资基金,综合,消费
512340,中证500原材料指数交易型开放式指数证券投资基金,综合,消费
512350,兴业中证福建50交易型开放式指数证券投资基金,综合,消费
512360,平安MSCI中国A股国际交易型开放式指数证券投资基金,综合,消费
512370,华夏中证A500增强策略交易型开放式指数证券投资基金,综合,消费
512380,银华MSCI中国A股交易型开放式指数证券投资基金,综合,消费
512390,平安MSCI中国A股低波动交易型开放式指数证券投资基金,综合,消费
512400,南方中证申万有色金属交易型开放式指数证券投资基金,有色金属冶炼和压延加工业,能源与原材料
512480,国联安中证全指半导体产品与设备交易型开放式指数证券投资基金,计算机、通信和其他电子设备制造业,TMT
512500,华夏中证500交易型开放式指数证券投资基金,综合,消费
512510,华泰柏瑞中证500交易型开放式指数证券投资基金,综合,消费
512520,华泰柏瑞MSCI中国A股国际通交易型开放式指数证券投资基金,综合,消费
512530,建信沪深300红利交易型开放式指数证券投资基金,综合,消费
512550,嘉实富时中国A50交易型开放式指数证券投资基金,综合,消费
512560,易方达中证军工交易型开放式指数证券投资基金,综合,消费
512570,易方达中证全指证券公司交易型开放式指数证券投资基金,综合,消费
512580,广发中证环保产业交易型开放式指数证券投资基金,生态保护和环境治理业,公用事业与交运
512590,浦银安盛中证高股息精选交易型开放式指数证券投资基金,综合,消费
512600,嘉实中证主要消费交易型开放式指数证券投资基金,零售业,消费
512610,嘉实中证医药卫生交易型开放式指数证券投资基金,医药制造业,医药健康
512630,广发中证卫星产业交易型开放式指数证券投资基金,综合,消费
512640,嘉实中证金融地产交易型开放式指数证券投资基金,房地产业,金融地产
512650,中证长三角一体化发展主题交易型开放式指数证券投资基金,综合,消费
512660,国泰中证军工交易型开放式指数证券投资基金,综合,消费
512670,鹏华中证国防交易型开放式指数证券投资基金,综合,消费
512680,广发中证军工交易型开放式指数证券投资基金,综合,消费
512690,鹏华中证酒交易型开放式指数证券投资基金,综合,消费
512700,南方中证银行交易型开放式指数证券投资基金,综合,消费
512710,富国中证军工龙头交易型开放式指数证券投资基金,综合,消费
512720,国泰中证计算机主题交易型开放式指数证券投资基金,综合,消费
512730,鹏华中证银行交易型开放式指数证券投资基金,综合,消费
512750,嘉实中证锐联基本面50交易型开放式指数证券投资基金,综合,消费
512760,国泰CES半导体芯片行业交易型开放式指数证券投资基金,计算机、通信和其他电子设备制造业,TMT
512770,战略新兴成指交易型开放式指数证券投资基金,综合,消费
512780,广发中证京津冀协同发展主题交易型开放式指数证券投资基金,综合,消费
512790,华安中证民企成长交易型开放式指数证券投资基金,综合,消费
512800,华宝中证银行交易型开放式指数证券投资基金,综合,消费
512810,华宝中证军工交易型开放式指数证券投资基金,综合,消费
512820,中证银行交易型开放式指数证券投资基金,综合,消费
512850,中信建投中证北京50交易型开放式指数证券投资基金,综合,消费
512860,华安MSCI中国A股国际交易型开放式指数证券投资基金,综合,消费
512870,南华中证杭州湾区交易型开放式指数证券投资基金,综合,消费
512880,国泰中证全指证券公司交易型开放式指数证券投资基金,综合,消费
512890,华泰柏瑞中证红利低波动交易型开放式指数证券投资基金,综合,消费
512900,南方中证全指证券公司交易型开放式指数证券投资基金,综合,消费
512910,广发中证A100交易型开放式指数证券投资基金,综合,消费
512920,新华MSCI中国A股国际交易型开放式指数证券投资基金,综合,消费
512930,平安中证人工智能主题交易型开放式指数证券投资基金,综合,消费
512950,华夏中证央企结构调整交易型开放式指数证券投资基金,综合,消费
512960,博时中证央企结构调整交易型开放式指数证券投资基金,综合,消费
512970,平安中证粤港澳大湾区发展主题交易型开放式指数证券投资基金,综合,消费
512980,广发中证传媒交易型开放式指数证券投资基金,广播、电视、电影和录音制作业,TMT
512990,华夏MSCI中国A股国际通交易型开放式指数证券投资基金,综合,消费
513000,易方达奥明日经225交易型开放式指数证券投资基金(QDII),综合,消费
513010,易方达恒生科技交易型开放式指数证券投资基金(QDII),软件和信息技术服务业,TMT
513020,国泰中证港股通科技交易型开放式指数证券投资基金,软件和信息技术服务业,TMT
513030,华安国际龙头(DAX)交易型开放式指数证券投资基金,综合,消费
513040,易方达中证港股通互联网交易型开放式指数证券投资基金,软件和信息技术服务业,TMT
513050,易方达中证海外中国互联网50交易型开放式指数证券投资基金,软件和信息技术服务业,TMT
513060,博时恒生医疗保健交易型开放式指数证券投资基金(QDII),卫生,医药健康
513070,易方达中证港股通消费主题交易型开放式指数证券投资基金,零售业,消费
513080,华安法国CAC40交易型开放式指数证券投资基金(QDII),综合,消费
513090,易方达中证香港证券投资主题交易型开放式指数证券投资基金,综合,消费
513100,纳斯达克100交易型开放式指数证券投资基金,综合,消费
513110,华泰柏瑞纳斯达克100交易型开放式指数证券投资基金(QDII),综合,消费
513120,广发中证香港创新药交易型开放式指数证券投资基金(QDII),医药制造业,医药健康
513130,华泰柏瑞南方东英恒生科技指数交易型开放式指数证券投资基金(QDII),软件和信息技术服务业,TMT
513140,华泰柏瑞中证香港300金融服务交易型开放式指数证券投资基金(QDII),综合,消费
513150,华泰柏瑞中证港股通科技交易型开放式指数证券投资基金,软件和信息技术服务业,TMT
513160,银华恒生港股通中国科技交易型开放式指数证券投资基金,软件和信息技术服务业,TMT
513170,鹏华恒生中国央企交易型开放式指数证券投资基金(QDII),综合,消费
513180,华夏恒生科技交易型开放式指数证券投资基金(QDII),软件和信息技术服务业,TMT
513190,华夏中证港股通内地金融交易型开放式指数证券投资基金,综合,消费
513200,易方达中证港股通医药卫生综合交易型开放式指数证券投资基金,医药制造业,医药健康
513210,易方达恒生交易型开放式指数证券投资基金(QDII),综合,消费
513220,招商中证全球中国互联网交易型开放式指数证券投资基金(QDII),软件和信息技术服务业,TMT
513230,华夏中证港股通消费主题交易型开放式指数证券投资基金,零售业,消费
513260,汇添富恒生科技交易型开放式指数证券投资基金(QDII),软件和信息技术服务业,TMT
513280,汇添富恒生生物科技交易型开放式指数证券投资基金(QDII),医药制造业,医药健康
513290,汇添富纳斯达克生物科技交易型开放式指数证券投资基金(QDII),医药制造业,医药健康
513300,华夏纳斯达克100交易型开放式指数证券投资基金(QDII),综合,消费
513310,华泰柏瑞中证韩交所中韩半导体交易型开放式指数证券投资基金(QDII),计算机、通信和其他电子设备制造业,TMT
513320,易方达恒生港股通新经济交易型开放式指数证券投资基金,综合,消费
513330,华夏恒生互联网科技业交易型开放式指数证券投资基金(QDII),软件和信息技术服务业,TMT
513350,富国标普石油天然气勘探及生产精选行业交易型开放式指数证券投资基金(QDII),石油和天然气开采业,能源与原材料
513360,博时中证全球中国教育主题交易型开放式指数证券投资基金(QDII),综合,消费
513380,广发恒生科技交易型开放式指数证券投资基金(QDII),软件和信息技术服务业,TMT
513390,博时纳斯达克100交易型开放式指数证券投资基金(QDII),综合,消费
513400,鹏华道琼斯工业平均交易型开放式指数证券投资基金(QDII),综合,消费
513500,博时标普500交易型开放式指数证券投资基金,综合,消费
513520,华夏野村日经225交易型开放式指数证券投资基金(QDII),综合,消费
513530,华泰柏瑞中证港股通高股息投资交易型开放式指数证券投资基金(QDII),综合,消费
513550,华泰柏瑞中证港股通50交易型开放式指数证券投资基金,综合,消费
513560,兴银中证港股通科技交易型开放式指数证券投资基金,软件和信息技术服务业,TMT
513580,华安恒生科技交易型开放式指数证券投资基金(QDII),软件和信息技术服务业,TMT
513590,鹏华中证港股通消费主题交易型开放式指数证券投资基金,零售业,消费
513600,南方恒生交易型开放式指数证券投资基金,综合,消费
513630,摩根标普港股通低波红利交易型开放式指数证券投资基金,综合,消费
513650,南方标普500交易型开放式指数证券投资基金(QDII),综合,消费
513660,华夏沪港通恒生交易型开放式指数证券投资基金,综合,消费
513680,建信港股通恒生中国企业交易型开放式指数证券投资基金,综合,消费
513690,博时恒生港股通高股息率交易型开放式指数证券投资基金,综合,消费
513700,鹏华中证港股通医药卫生综合交易型开放式指数证券投资基金,医药制造业,医药健康
513730,华泰柏瑞南方东英新交所泛东南亚科技交易型开放式指数证券投资基金(QDII),软件和信息技术服务业,TMT
513750,广发中证港股通非银行金融主题交易型开放式指数证券投资基金,综合,消费
513770,华宝中证港股通互联网交易型开放式指数证券投资基金,软件和信息技术服务业,TMT
513780,景顺长城中证港股通创新药交易型开放式指数证券投资基金,医药制造业,医药健康
513800,南方顶峰TOPIX交易型开放式指数证券投资基金(QDII),综合,消费
513810,华夏中证香港内地国有企业交易型开放式指数证券投资基金(QDII),综合,消费
513820,汇添富中证港股通高股息投资交易型开放式指数证券投资基金,综合,消费
513830,嘉实中证港股通高股息投资交易型开放式指数证券投资基金,综合,消费
513850,易方达MSCI美国50交易型开放式指数证券投资基金(QDII),综合,消费
513860,海富通中证港股通科技交易型开放式指数证券投资基金,软件和信息技术服务业,TMT
513870,富国纳斯达克100交易型开放式指数证券投资基金(QDII),综合,消费
513880,华安三菱日联日经225交易型开放式指数证券投资基金,综合,消费
513890,摩根恒生科技交易型开放式指数证券投资基金(QDII),软件和信息技术服务业,TMT
513900,华安CES港股通精选100交易型开放式指数证券投资基金,综合,消费
513910,华夏中证港股通央企红利交易型开放式指数证券投资基金,综合,消费
513920,华安恒生港股通中国央企红利交易型开放式指数证券投资基金,综合,消费
513950,富国恒生港股通高股息低波动交易型开放式指数证券投资基金(QDII),综合,消费
513960,博时中证港股通消费主题交易型开放式指数证券投资基金,零售业,消费
513970,景顺长城恒生消费交易型开放式指数证券投资基金(QDII),零售业,消费
513980,景顺长城中证港股通科技交易型开放式指数证券投资基金,软件和信息技术服务业,TMT
513990,招商上证港股通交易型开放式指数证券投资基金,综合,消费
515000,华宝中证科技龙头交易型开放式指数证券投资基金,软件和信息技术服务业,TMT
515010,华夏中证全指证券公司交易型开放式指数证券投资基金,综合,消费
515020,华夏中证银行交易型开放式指数证券投资基金,综合,消费
515030,华夏中证新能源汽车交易型开放式指数证券投资基金,汽车制造业,消费
515050,华夏中证5G通信主题交易型开放式指数证券投资基金,计算机、通信和其他电子设备制造业,TMT
515060,华夏中证全指房地产交易型开放式指数证券投资基金,房地产业,金融地产
515070,华夏中证人工智能主题交易型开放式指数证券投资基金,综合,消费
515080,招商中证红利交易型开放式指数证券投资基金,综合,消费
515090,博时中证可持续发展100交易型开放式指数证券投资基金,综合,消费
515100,景顺长城中证红利低波动100交易型开放式指数证券投资基金,综合,消费
515110,易方达中证国企一带一路交易型开放式指数证券投资基金,综合,消费
515120,广发中证创新药产业交易型开放式指数证券投资基金,医药制造业,医药健康
515130,博时沪深300交易型开放式指数证券投资基金,综合,消费
515150,富国中证国企一带一路交易型开放式指数证券投资基金,综合,消费
515160,招商MSCI中国A股国际通交易型开放式指数证券投资基金,综合,消费
515170,华夏中证细分食品饮料产业主题交易型开放式指数证券投资基金,酒、饮料和精制茶制造业,消费
515180,易方达中证红利交易型开放式指数证券投资基金,综合,消费
515190,中银证券中证500交易型开放式指数证券投资基金,综合,消费
515200,申万菱信中证研发创新100交易型开放式指数证券投资基金,综合,消费
515210,国泰中证钢铁交易型开放式指数证券投资基金,综合,消费
515220,国泰中证煤炭交易型开放式指数证券投资基金,煤炭开采和洗选业,能源与原材料
515230,国泰中证全指软件交易型开放式指数证券投资基金,软件和信息技术服务业,TMT
515250,富国中证智能汽车主题交易型开放式指数证券投资基金,汽车制造业,消费
515260,华宝中证电子50交易型开放式指数证券投资基金,综合,消费
515280,富国中证银行交易型开放式指数证券投资基金,综合,消费
515290,天弘中证银行交易型开放式指数证券投资基金,综合,消费
515300,嘉实沪深300红利低波动交易型开放式指数证券投资基金,综合,消费
515310,汇添富沪深300交易型开放式指数证券投资基金,综合,消费
515320,华安中证电子50交易型开放式指数证券投资基金,综合,消费
515330,天弘沪深300交易型开放式指数证券投资基金,综合,消费
515350,民生加银沪深300交易型开放式指数证券投资基金,综合,消费
515360,方正富邦沪深300交易型开放式指数证券投资基金,综合,消费
515380,泰康沪深300交易型开放式指数证券投资基金,综合,消费
515390,华安沪深300交易型开放式指数证券投资基金,综合,消费
515400,富国中证大数据产业交易型开放式指数证券投资基金,软件和信息技术服务业,TMT
515450,南方标普中国A股大盘红利低波50交易型开放式指数证券投资基金,综合,消费
515500,海富通中证长三角领先交易型开放式指数证券投资基金,综合,消费
515510,嘉实中证500成长估值交易型开放式指数证券投资基金,综合,消费
515520,大成MSCI中国A股质优价值100交易型开放式指数证券投资基金,综合,消费
515530,泰康中证500交易型开放式指数证券投资基金,综合,消费
515550,国联中证500交易型开放式指数证券投资基金,综合,消费
515560,建信中证全指证券公司交易型开放式指数证券投资基金,综合,消费
515570,山西证券中证红利潜力交易型开放式指数证券投资基金,综合,消费
515580,华泰柏瑞中证科技100交易型开放式指数证券投资基金,软件和信息技术服务业,TMT
515590,前海开源中证500等权重交易型开放式指数证券投资基金,综合,消费
515600,广发中证央企创新驱动交易型开放式指数证券投资基金,综合,消费
515610,中银中证800交易型开放式指数证券投资基金,综合,消费
515620,建信中证800交易型开放式指数证券投资基金,综合,消费
515630,鹏华中证800证券保险交易型开放式指数证券投资基金,综合,消费
515650,富国中证消费50交易型开放式指数证券投资基金,零售业,消费
515660,国联安沪深300交易型开放式指数证券投资基金,综合,消费
515670,中银中证100交易型开放式指数证券投资基金,综合,消费
515680,嘉实中证央企创新驱动交易型开放式指数证券投资基金,综合,消费
515690,鹏华中证高股息龙头交易型开放式指数证券投资基金,综合,消费
515700,平安中证新能源汽车产业交易型开放式指数证券投资基金,汽车制造业,消费
515710,华宝中证细分食品饮料产业主题交易型开放式指数证券投资基金,酒、饮料和精制茶制造业,消费
515720,富国中证金融科技主题交易型开放式指数证券投资基金,软件和信息技术服务业,TMT
515750,富国中证科技50策略交易型开放式指数证券投资基金,软件和信息技术服务业,TMT
515760,华夏中证浙江国资创新发展交易型开放式指数证券投资基金,综合,消费
515770,摩根MSCI中国A股交易型开放式指数证券投资基金,综合,消费
515780,浦银安盛MSCI中国A股交易型开放式指数证券投资基金,综合,消费
515790,华泰柏瑞中证光伏产业交易型开放式指数证券投资基金,电气机械和器材制造业,工业与建筑
515800,中证800交易型开放式指数证券投资基金,综合,消费
515810,易方达中证800交易型开放式指数证券投资基金,综合,消费
515820,富国中证800交易型开放式指数证券投资基金,综合,消费
515830,工银瑞信中证800交易型开放式指数证券投资基金,综合,消费
515850,富国中证全指证券公司交易型开放式指数证券投资基金,综合,消费
515860,嘉实中证新兴科技100策略交易型开放式指数证券投资基金,软件和信息技术服务业,TMT
515870,嘉实中证先进制造100策略交易型开放式指数证券投资基金,综合,消费
515880,国泰中证全指通信设备交易型开放式指数证券投资基金,计算机、通信和其他电子设备制造业,TMT
515890,博时中证红利交易型开放式指数证券投资基金,综合,消费
515900,博时中证央企创新驱动交易型开放式指数证券投资基金,综合,消费
515910,中金MSCI中国A股国际质量交易型开放式指数证券投资基金,综合,消费
515920,博时中证智能消费主题交易型开放式指数证券投资基金,零售业,消费
515930,永赢沪深300交易型开放式指数证券投资基金(清算),综合,消费
515950,富国中证医药50交易型开放式指数证券投资基金,医药制造业,医药健康
515960,嘉实中证医药健康100策略交易型开放式指数证券投资基金,医药制造业,医药健康
515980,华富中证人工智能产业交易型开放式指数证券投资基金,综合,消费
515990,汇添富中证国企一带一路交易型开放式指数证券投资基金,综合,消费
516000,华夏中证大数据产业交易型开放式指数证券投资基金,软件和信息技术服务业,TMT
516010,国泰中证动漫游戏交易型开放式指数证券投资基金,广播、电视、电影和录音制作业,TMT
516020,华宝中证细分化工产业主题交易型开放式指数证券投资基金,综合,消费
516050,工银瑞信中证科技龙头交易型开放式指数证券投资基金,软件和信息技术服务业,TMT
516060,工银瑞信中证创新药产业交易型开放式指数证券投资基金,医药制造业,医药健康
516070,易方达中证内地低碳经济主题交易型开放式指数证券投资基金,生态保护和环境治理业,公用事业与交运
516080,易方达中证创新药产业交易型开放式指数证券投资基金,医药制造业,医药健康
516090,易方达中证新能源交易型开放式指数证券投资基金,综合,消费
516100,华夏中证金融科技主题交易型开放式指数证券投资基金,软件和信息技术服务业,TMT
516110,国泰中证800汽车与零部件交易型开放式指数证券投资基金,汽车制造业,消费
516120,富国中证细分化工产业主题交易型开放式指数证券投资基金,综合,消费
516130,华宝中证消费龙头交易型开放式指数证券投资基金,零售业,消费
516150,嘉实中证稀土产业交易型开放式指数证券投资基金,有色金属冶炼和压延加工业,能源与原材料
516160,南方中证新能源交易型开放式指数证券投资基金,综合,消费
516180,平安中证光伏产业交易型开放式指数证券投资基金,电气机械和器材制造业,工业与建筑
516190,华夏中证文娱传媒交易型开放式指数证券投资基金,广播、电视、电影和录音制作业,TMT
516200,华安中证全指证券公司交易型开放式指数证券投资基金,综合,消费
516210,华安中证银行交易型开放式指数证券投资基金,综合,消费
516220,国泰中证细分化工产业主题交易型开放式指数证券投资基金,综合,消费
516260,华夏中证物联网主题交易型开放式指数证券投资基金,综合,消费
516270,华安中证内地新能源主题交易型开放式指数证券投资基金,综合,消费
516290,汇添富中证光伏产业交易型开放式指数证券投资基金,电气机械和器材制造业,工业与建筑
516300,华泰柏瑞中证1000交易型开放式指数证券投资基金,综合,消费
516310,易方达中证银行交易型开放式指数证券投资基金,综合,消费
516320,华夏中证装备产业交易型开放式指数证券投资基金,通用设备制造业,工业与建筑
516330,华泰柏瑞中证物联网主题交易型开放式指数证券投资基金,综合,消费
516350,易方达中证芯片产业交易型开放式指数证券投资基金,计算机、通信和其他电子设备制造业,TMT
516360,华宝中证新材料主题交易型开放式指数证券投资基金,综合,消费
516380,华宝中证智能电动汽车交易型开放式指数证券投资基金,汽车制造业,消费
516390,汇添富中证新能源汽车产业交易型开放式指数证券投资基金,汽车制造业,消费
516400,富国中证ESG120策略交易型开放式指数证券投资基金,生态保护和环境治理业,公用事业与交运
516460,鹏华中证800自由现金流交易型开放式指数证券投资基金,货币金融服务,金融地产
516480,国联安中证新材料主题交易型开放式指数证券投资基金,综合,消费
516500,华夏中证生物科技主题交易型开放式指数证券投资基金,医药制造业,医药健康
516510,易方达中证云计算与大数据主题交易型开放式指数证券投资基金,软件和信息技术服务业,TMT
516520,华泰柏瑞中证智能汽车主题交易型开放式指数证券投资基金,汽车制造业,消费
516530,银华中证现代物流交易型开放式指数证券投资基金,多式联运和运输代理业,公用事业与交运
516550,嘉实中证大农业交易型开放式指数证券投资基金,农业,消费
516560,华宝中证养老产业交易型开放式指数证券投资基金,综合,消费
516570,易方达中证石化产业交易型开放式指数证券投资基金,石油、煤炭及其他燃料加工业,能源与原材料
516580,博时中证新能源交易型开放式指数证券投资基金,综合,消费
516590,易方达中证智能电动汽车交易型开放式指数证券投资基金,汽车制造业,消费
516600,工银瑞信中证消费服务领先交易型开放式指数证券投资基金,零售业,消费
516610,大成中证全指医疗保健设备与服务交易型开放式指数证券投资基金,卫生,医药健康
516620,国泰中证影视主题交易型开放式指数证券投资基金,广播、电视、电影和录音制作业,TMT
516630,华夏中证云计算与大数据主题交易型开放式指数证券投资基金,软件和信息技术服务业,TMT
516640,富国中证芯片产业交易型开放式指数证券投资基金,计算机、通信和其他电子设备制造业,TMT
516650,华夏中证细分有色金属产业主题交易型开放式指数证券投资基金,有色金属冶炼和压延加工业,能源与原材料
516660,华安中证新能源汽车交易型开放式指数证券投资基金,汽车制造业,消费
516670,招商中证畜牧养殖交易型开放式指数证券投资基金,畜牧业,消费
516680,建信中证细分有色金属产业主题交易型开放式指数证券投资基金,有色金属冶炼和压延加工业,能源与原材料
516690,银华中证细分化工产业主题交易型开放式指数证券投资基金,综合,消费
516700,华宝中证大数据产业交易型开放式指数证券投资基金,软件和信息技术服务业,TMT
516710,华夏中证新材料主题交易型开放式指数证券投资基金,综合,消费
516720,浦银安盛中证ESG120策略交易型开放式指数证券投资基金,生态保护和环境治理业,公用事业与交运
516730,浦银安盛中证证券公司30交易型开放式指数证券投资基金,综合,消费
516750,富国中证全指建筑材料交易型开放式指数证券投资基金,非金属矿物制品业,能源与原材料
516760,平安中证畜牧养殖交易型开放式指数证券投资基金,畜牧业,消费
516770,华泰柏瑞中证动漫游戏交易型开放式指数证券投资基金,广播、电视、电影和录音制作业,TMT
516780,华泰柏瑞中证稀土产业交易型开放式指数证券投资基金,有色金属冶炼和压延加工业,能源与原材料
516790,华泰柏瑞中证全指医疗保健设备与服务交易型开放式指数证券投资基金,卫生,医药健康
516800,华宝中证智能制造主题交易型开放式指数证券投资基金,综合,消费
516810,华夏中证农业主题交易型开放式指数证券投资基金,农业,消费
516820,平安中证医药及医疗器械创新交易型开放式指数证券投资基金,医药制造业,医药健康
516830,富国沪深300ESG基准交易型开放式指数证券投资基金,生态保护和环境治理业,公用事业与交运
516850,华夏中证新能源交易型开放式指数证券投资基金,综合,消费
516860,博时中证金融科技主题交易型开放式指数证券投资基金,软件和信息技术服务业,TMT
516870,银华中证800汽车与零部件交易型开放式指数证券投资基金,汽车制造业,消费
516880,银华中证光伏产业交易型开放式指数证券投资基金,电气机械和器材制造业,工业与建筑
516890,平安中证新材料主题交易型开放式指数证券投资基金,综合,消费
516900,华安中证申万食品饮料交易型开放式指数证券投资基金,酒、饮料和精制茶制造业,消费
516910,富国中证现代物流交易型开放式指数证券投资基金,多式联运和运输代理业,公用事业与交运
516920,汇添富中证芯片产业交易型开放式指数证券投资基金,计算机、通信和其他电子设备制造业,TMT
516930,民生加银中证生物科技主题交易型开放式指数证券投资基金,医药制造业,医药健康
516950,银华中证基建交易型开放式指数证券投资基金,土木工程建筑业,工业与建筑
516960,国泰中证细分机械设备产业主题交易型开放式指数证券投资基金,通用设备制造业,工业与建筑
516970,广发中证基建工程交易型开放式指数证券投资基金,土木工程建筑业,工业与建筑
516980,华富中证证券公司先锋策略交易型开放式指数证券投资基金,综合,消费
517000,银华中证沪港深500交易型开放式指数证券投资基金,综合,消费
517010,易方达中证沪港深500交易型开放式指数证券投资基金,综合,消费
517030,易方达中证沪港深300交易型开放式指数证券投资基金,综合,消费
517050,华泰柏瑞中证沪港深互联网交易型开放式指数证券投资基金,软件和信息技术服务业,TMT
517060,华宝中证沪港深500交易型开放式指数证券投资基金,综合,消费
517080,汇添富中证沪港深500交易型开放式指数证券投资基金,综合,消费
517090,国泰富时中国国企开放共赢交易型开放式指数证券投资基金,综合,消费
517100,富国中证沪港深500交易型开放式指数证券投资基金,综合,消费
517110,国泰中证沪港深创新药产业交易型开放式指数证券投资基金,医药制造业,医药健康
517120,华泰柏瑞中证沪港深创新药产业交易型开放式指数证券投资基金,医药制造业,医药健康
517160,南方中证长江保护主题交易型开放式指数证券投资基金,综合,消费
517170,华夏中证沪港深500交易型开放式指数证券投资基金,综合,消费
517180,南方富时中国国企开放共赢交易型开放式指数证券投资基金,综合,消费
517200,嘉实中证沪港深互联网交易型开放式指数证券投资基金,软件和信息技术服务业,TMT
517270,浦银安盛中证沪港深科技龙头交易型开放式指数证券投资基金,软件和信息技术服务业,TMT
517280,天弘中证沪港深线上消费主题交易型开放式指数证券投资基金,零售业,消费
517300,国寿安保中证沪港深300交易型开放式指数证券投资基金,综合,消费
517330,易方达中证长江保护主题交易型开放式指数证券投资基金,综合,消费
517350,广发中证沪港深科技龙头交易型开放式指数证券投资基金,软件和信息技术服务业,TMT
517360,华安中证沪港深科技100交易型开放式指数证券投资基金,软件和信息技术服务业,TMT
517380,天弘恒生沪深港创新药精选50交易型开放式指数证券投资基金,医药制造业,医药健康
517390,天弘中证沪港深云计算产业交易型开放式指数证券投资基金,软件和信息技术服务业,TMT
517400,国泰中证沪深港黄金产业股票交易型开放式指数证券投资基金,有色金属冶炼和压延加工业,能源与原材料
517500,国泰中证沪港深动漫游戏交易型开放式指数证券投资基金,广播、电视、电影和录音制作业,TMT
517520,永赢中证沪深港黄金产业股票交易型开放式指数证券投资基金,有色金属冶炼和压延加工业,能源与原材料
517550,招商中证沪港深消费龙头交易型开放式指数证券投资基金,零售业,消费
517660,天弘中证沪港深物联网主题交易型开放式指数证券投资基金,综合,消费
517760,浦银安盛中证沪港深消费龙头交易型开放式指数证券投资基金,零售业,消费
517770,浦银安盛中证沪港深游戏及文化传媒交易型开放式指数证券投资基金,广播、电视、电影和录音制作业,TMT
517780,浦银安盛中华交易服务沪深港300交易型开放式指数证券投资基金,综合,消费
517800,方正富邦中证沪港深人工智能50交易型开放式指数证券投资基金,综合,消费
517850,汇添富中证沪港深张江自主创新50交易型开放式指数证券投资基金,综合,消费
517880,华泰柏瑞中证沪港深品牌消费50交易型开放式指数证券投资基金,零售业,消费
517900,招商中证银行AH价格优选交易型开放式指数证券投资基金,综合,消费
517960,摩根中证沪港深科技100交易型开放式指数证券投资基金,软件和信息技术服务业,TMT
517990,招商中证沪港深500医药卫生交易型开放式指数证券投资基金,医药制造业,医药健康
518600,广发上海金交易型开放式证券投资基金,综合,消费
518660,工银瑞信黄金交易型开放式证券投资基金,有色金属冶炼和压延加工业,能源与原材料
518680,富国上海金交易型开放式证券投资基金,综合,消费
518800,国泰黄金交易型开放式证券投资基金,有色金属冶炼和压延加工业,能源与原材料
518850,华夏黄金交易型开放式证券投资基金,有色金属冶炼和压延加工业,能源与原材料
518860,建信上海金交易型开放式证券投资基金,综合,消费
518880,华安易富黄金交易型开放式证券投资基金,有色金属冶炼和压延加工业,能源与原材料
518890,中银上海金交易型开放式证券投资基金,综合,消费
520500,华泰柏瑞恒生创新药交易型开放式指数证券投资基金(QDII),医药制造业,医药健康
520510,华夏中证港股通医疗主题交易型开放式指数证券投资基金,卫生,医药健康
520520,华泰柏瑞恒生消费交易型开放式指数证券投资基金(QDII),零售业,消费
520550,招商恒生港股通高股息低波动交易型开放式指数证券投资基金,综合,消费
520560,华宝港股通恒生中国(香港上市)30交易型开放式指数证券投资基金,综合,消费
520580,招商利安新兴亚洲精选交易型开放式指数证券投资基金(QDII),综合,消费
520600,广发中证港股通汽车产业主题交易型开放式指数证券投资基金,汽车制造业,消费
520620,嘉实恒生消费交易型开放式指数证券投资基金,零售业,消费
520660,南方中证国新港股通央企红利交易型开放式指数证券投资基金,综合,消费
520670,嘉实恒生港股通科技主题交易型开放式指数证券投资基金,软件和信息技术服务业,TMT
520690,博时恒生港股通创新药精选交易型开放式指数证券投资基金,医药制造业,医药健康
520700,万家中证港股通创新药交易型开放式指数证券投资基金,医药制造业,医药健康
520720,国泰中证港股通汽车产业主题交易型开放式指数证券投资基金,汽车制造业,消费
520830,华泰柏瑞南方东英沙特阿拉伯交易型开放式指数证券投资基金(QDII),综合,消费
520840,华安恒生港股通科技主题交易型开放式指数证券投资基金,软件和信息技术服务业,TMT
520860,富国中证港股通科技交易型开放式指数证券投资基金,软件和信息技术服务业,TMT
520880,华宝恒生港股通创新药精选交易型开放式指数证券投资基金,医药制造业,医药健康
520890,华泰柏瑞恒生港股通高股息低波动交易型开放式指数证券投资基金,综合,消费
520900,广发中证国新港股通央企红利交易型开放式指数证券投资基金,综合,消费
520920,天弘恒生科技交易型开放式指数证券投资基金(QDII),软件和信息技术服务业,TMT
520940,华安恒指港股通交易型开放式指数证券投资基金,综合,消费
520960,嘉实恒指港股通交易型开放式指数证券投资基金,综合,消费
520970,嘉实中证港股通创新药交易型开放式指数证券投资基金,医药制造业,医药健康
520980,汇添富恒生港股通中国科技交易型开放式指数证券投资基金,软件和信息技术服务业,TMT
520990,景顺长城中证国新港股通央企红利交易型开放式指数证券投资基金,综合,消费
530000,天弘上证50交易型开放式指数证券投资基金,综合,消费
530050,西藏东财上证50交易型开放式指数证券投资基金,综合,消费
530080,天弘上证180交易型开放式指数证券投资基金,综合,消费
530100,易方达上证580交易型开放式指数证券投资基金,综合,消费
530180,易方达上证180交易型开放式指数证券投资基金,综合,消费
530280,平安上证180交易型开放式指数证券投资基金,综合,消费
530300,华泰柏瑞上证180交易型开放式指数证券投资基金,综合,消费
530380,易方达上证380交易型开放式指数证券投资基金,综合,消费
530530,华夏上证580交易型开放式指数证券投资基金,综合,消费
530580,南方上证180交易型开放式指数证券投资基金,综合,消费
530680,兴业上证180交易型开放式指数证券投资基金,综合,消费
530800,银华上证180交易型开放式指数证券投资基金,综合,消费
530880,银河上证国有企业红利交易型开放式指数证券投资基金,综合,消费
551000,博时上证AAA科技创新公司债交易型开放式指数证券投资基金,软件和信息技术服务业,TMT
551030,鹏华上证AAA科技创新公司债交易型开放式指数证券投资基金,软件和信息技术服务业,TMT
551060,中银上证AAA科技创新公司债交易型开放式指数证券投资基金,软件和信息技术服务业,TMT
551300,摩根上证AAA科技创新公司债交易型开放式指数证券投资基金,软件和信息技术服务业,TMT
551500,易方达中证AAA科技创新公司债交易型开放式指数证券投资基金,软件和信息技术服务业,TMT
551510,华泰柏瑞中证AAA科技创新公司债交易型开放式指数证券投资基金,软件和信息技术服务业,TMT
551520,汇添富中证AAA科技创新公司债交易型开放式指数证券投资基金,软件和信息技术服务业,TMT
551550,华夏中证AAA科技创新公司债交易型开放式指数证券投资基金,软件和信息技术服务业,TMT
551560,兴业中证AAA科技创新公司债交易型开放式指数证券投资基金,软件和信息技术服务业,TMT
551580,泰康中证AAA科技创新公司债交易型开放式指数证券投资基金,软件和信息技术服务业,TMT
551800,国泰中证AAA科技创新公司债交易型开放式指数证券投资基金,软件和信息技术服务业,TMT
551900,招商中证AAA科技创新公司债交易型开放式指数证券投资基金,软件和信息技术服务业,TMT
560000,浦银安盛中证智能电动汽车交易型开放式指数证券投资基金,汽车制造业,消费
560010,广发中证1000交易型开放式指数证券投资基金,综合,消费
560020,汇添富中证红利交易型开放式指数证券投资基金,综合,消费
560030,汇添富中证800价值交易型开放式指数证券投资基金,综合,消费
560050,汇添富MSCI中国A50互联互通交易型开放式指数证券投资基金,综合,消费
560060,汇添富中证上海环交所碳中和交易型开放式指数证券投资基金,生态保护和环境治理业,公用事业与交运
560070,汇添富中证国新央企股东回报交易型开放式指数证券投资基金,综合,消费
560080,汇添富中证中药交易型开放式指数证券投资基金,医药制造业,医药健康
560090,汇添富中证全指证券公司交易型开放式指数证券投资基金,综合,消费
560100,南方中证500增强策略交易型开放式指数证券投资基金,综合,消费
560110,汇添富中证1000交易型开放式指数证券投资基金,综合,消费
560120,华夏中证500自由现金流交易型开放式指数证券投资基金,货币金融服务,金融地产
560150,泰康中证红利低波动交易型开放式指数证券投资基金,综合,消费
560170,南方中证国新央企科技引领交易型开放式指数证券投资基金,软件和信息技术服务业,TMT
560180,南方沪深300ESG基准交易型开放式指数证券投资基金,生态保护和环境治理业,公用事业与交运
560190,鹏华中证全指公用事业交易型开放式指数证券投资基金,水的生产和供应业,公用事业与交运
560220,广发中证2000交易型开放式指数证券投资基金,综合,消费
560260,广发中证医疗交易型开放式指数证券投资基金,卫生,医药健康
560280,广发中证工程机械主题交易型开放式指数证券投资基金,通用设备制造业,工业与建筑
560300,汇添富中证电信主题交易型开放式指数证券投资基金,综合,消费
560330,申万菱信沪深300价值交易型开放式指数证券投资基金,综合,消费
560350,摩根中证A50交易型开放式指数证券投资基金,综合,消费
560360,万家中证软件服务交易型开放式指数证券投资基金,软件和信息技术服务业,TMT
560380,南方中证A100交易型开放式指数证券投资基金,综合,消费
560500,鹏扬中证500质量成长交易型开放式指数证券投资基金,综合,消费
560510,泰康中证A500交易型开放式指数证券投资基金,综合,消费
560520,大成中证红利低波动100交易型开放式指数证券投资基金,综合,消费
560530,摩根中证A500交易型开放式指数证券投资基金,综合,消费
560550,广发中证上海环交所碳中和交易型开放式指数证券投资基金,生态保护和环境治理业,公用事业与交运
560560,泰康中证内地低碳经济主题交易型开放式指数证券投资基金,生态保护和环境治理业,公用事业与交运
560570,国联安中证A500红利低波动交易型开放式指数证券投资基金,综合,消费
560580,南方中证全指电力公用事业交易型开放式指数证券投资基金,水的生产和供应业,公用事业与交运
560590,鹏华中证1000增强策略交易型开放式指数证券投资基金,综合,消费
560600,方正富邦中证医药及医疗器械创新交易型开放式指数证券投资基金,医药制造业,医药健康
560610,招商中证A500交易型开放式指数证券投资基金,综合,消费
560620,万家中证全指公用事业交易型开放式指数证券投资基金,水的生产和供应业,公用事业与交运
560630,万家中证机器人交易型开放式指数证券投资基金,综合,消费
560650,民生加银中证企业核心竞争力50交易型开放式指数证券投资基金,综合,消费
560660,新华中证云计算50交易型开放式指数证券投资基金,软件和信息技术服务业,TMT
560680,广发中证主要消费交易型开放式指数证券投资基金,零售业,消费
560690,鹏华中证电信主题交易型开放式指数证券投资基金,综合,消费
560700,广发中证国新央企股东回报交易型开放式指数证券投资基金,综合,消费
560750,申万菱信中证A500交易型开放式指数证券投资基金,综合,消费
560770,招商中证机器人交易型开放式指数证券投资基金,综合,消费
560780,广发中证半导体材料设备主题交易型开放式指数证券投资基金,计算机、通信和其他电子设备制造业,TMT
560800,鹏扬中证数字经济主题交易型开放式指数证券投资基金,软件和信息技术服务业,TMT
560810,融通中证诚通央企ESG交易型开放式指数证券投资基金,生态保护和环境治理业,公用事业与交运
560820,新华中证A50交易型开放式指数证券投资基金,综合,消费
560850,汇添富中证信息技术应用创新产业交易型开放式指数证券投资基金,综合,消费
560860,万家中证工业有色金属主题交易型开放式指数证券投资基金,有色金属冶炼和压延加工业,能源与原材料
560880,广发中证全指家用电器交易型开放式指数证券投资基金,金属制品业,能源与原材料
560890,新华中证红利低波动交易型开放式指数证券投资基金,综合,消费
560900,摩根中证创新药产业交易型开放式指数证券投资基金,医药制造业,医药健康
560950,汇添富中证500增强策略交易型开放式指数证券投资基金,综合,消费
560960,摩根中证碳中和60交易型开放式指数证券投资基金,生态保护和环境治理业,公用事业与交运
560980,广发中证光伏龙头30交易型开放式指数证券投资基金,电气机械和器材制造业,工业与建筑
560990,中金中证科技先锋交易型开放式指数证券投资基金,软件和信息技术服务业,TMT
561000,华安沪深300增强策略交易型开放式指数证券投资基金,综合,消费
561010,华安中证全指软件开发交易型开放式指数证券投资基金,软件和信息技术服务业,TMT
561060,华安中证国有企业红利交易型开放式指数证券投资基金,综合,消费
561080,华安中证全指自由现金流交易型开放式指数证券投资基金,货币金融服务,金融地产
561090,华安中证A500增强策略交易型开放式指数证券投资基金,综合,消费
561100,富国中证消费电子主题交易型开放式指数证券投资基金,零售业,消费
561120,富国中证全指家用电器交易型开放式指数证券投资基金,金属制品业,能源与原材料
561130,富国中证新华社民族品牌工程交易型开放式指数证券投资基金,综合,消费
561150,富国中证500ESG基准交易型开放式指数证券投资基金,生态保护和环境治理业,公用事业与交运
561160,富国中证电池主题交易型开放式指数证券投资基金,综合,消费
561170,富国中证绿色电力交易型开放式指数证券投资基金,电力、热力生产和供应业,公用事业与交运
561180,富国中证A100交易型开放式指数证券投资基金,综合,消费
561190,富国中证上海环交所碳中和交易型开放式指数证券投资基金,生态保护和环境治理业,公用事业与交运
561200,工银瑞信中证A100交易型开放式指数证券投资基金,综合,消费
561220,工银瑞信中证诚通国企数字经济交易型开放式指数证券投资基金,软件和信息技术服务业,TMT
561230,工银瑞信中证A50交易型开放式指数证券投资基金,综合,消费
561260,工银瑞信中证国新央企现代能源交易型开放式指数证券投资基金,综合,消费
561280,工银瑞信中证1000增强策略交易型开放式指数证券投资基金,综合,消费
561300,国泰沪深300增强策略交易型开放式指数证券投资基金,综合,消费
561310,国泰中证消费电子主题交易型开放式指数证券投资基金,零售业,消费
561320,国泰中证内地运输主题交易型开放式指数证券投资基金,道路运输业,公用事业与交运
561330,国泰中证有色金属矿业主题交易型开放式指数证券投资基金,有色金属矿采选业,能源与原材料
561350,国泰中证500交易型开放式指数证券投资基金,综合,消费
561360,国泰中证油气产业交易型开放式指数证券投资基金,综合,消费
561370,国泰中证2000交易型开放式指数证券投资基金,综合,消费
561380,国泰恒生A股电网设备交易型开放式指数证券投资基金,电气机械和器材制造业,工业与建筑
561500,华泰柏瑞中证企业核心竞争力50交易型开放式指数证券投资基金,综合,消费
561510,华泰柏瑞中证中药交易型开放式指数证券投资基金,医药制造业,医药健康
561550,华泰柏瑞中证500增强策略交易型开放式指数证券投资基金,综合,消费
561560,华泰柏瑞中证全指电力公用事业交易型开放式指数证券投资基金,水的生产和供应业,公用事业与交运
561570,华泰柏瑞中证油气产业交易型开放式指数证券投资基金,综合,消费
561580,华泰柏瑞中证中央企业红利交易型开放式指数证券投资基金,综合,消费
561590,华泰柏瑞中证1000增强策略交易型开放式指数证券投资基金,综合,消费
561600,平安中证消费电子主题交易型开放式指数证券投资基金,零售业,消费
561680,平安中证A500红利低波动交易型开放式指数证券投资基金,综合,消费
561700,博时中证全指电力公用事业交易型开放式指数证券投资基金,水的生产和供应业,公用事业与交运
561710,博时中证疫苗与生物技术交易型开放式指数证券投资基金,医药制造业,医药健康
561750,博时中证A50交易型开放式指数证券投资基金,综合,消费
561760,博时中证油气资源交易型开放式指数证券投资基金,综合,消费
561770,博时中证A100交易型开放式指数证券投资基金,综合,消费
561780,博时中证1000增强策略交易型开放式指数证券投资基金,综合,消费
561790,博时中证国新央企现代能源交易型开放式指数证券投资基金,综合,消费
561800,华富中证稀有金属主题交易型开放式指数证券投资基金,有色金属冶炼和压延加工业,能源与原材料
561870,华富中证全指自由现金流交易型开放式指数证券投资基金,货币金融服务,金融地产
561880,华富中证A100交易型开放式指数证券投资基金,综合,消费
561900,招商沪深300ESG基准交易型开放式指数证券投资基金,生态保护和环境治理业,公用事业与交运
561910,招商中证电池主题交易型开放式指数证券投资基金,综合,消费
561920,招商中证疫苗与生物技术交易型开放式指数证券投资基金,医药制造业,医药健康
561930,招商沪深300交易型开放式指数证券投资基金,综合,消费
561950,招商中证500增强策略交易型开放式指数证券投资基金,综合,消费
561960,招商中证国新央企股东回报交易型开放式指数证券投资基金,综合,消费
561980,招商中证半导体产业交易型开放式指数证券投资基金,计算机、通信和其他电子设备制造业,TMT
561990,招商沪深300增强策略交易型开放式指数证券投资基金,综合,消费
562000,华宝中证A100交易型开放式指数证券投资基金,综合,消费
562010,华宝中证绿色能源交易型开放式指数证券投资基金,综合,消费
562030,华宝中证信息技术应用创新产业交易型开放式指数证券投资基金,综合,消费
562050,华宝中证制药交易型开放式指数证券投资基金,综合,消费
562060,华宝标普中国A股红利机会交易型开放式指数证券投资基金,综合,消费
562080,华宝沪深300自由现金流交易型开放式指数证券投资基金,货币金融服务,金融地产
562260,海富通中证汽车零部件主题交易型开放式指数证券投资基金,汽车制造业,消费
562300,银华中证内地低碳经济主题交易型开放式指数证券投资基金,生态保护和环境治理业,公用事业与交运
562310,银华沪深300成长交易型开放式指数证券投资基金,综合,消费
562320,银华沪深300价值交易型开放式指数证券投资基金,综合,消费
562330,银华中证500价值交易型开放式指数证券投资基金,综合,消费
562340,银华中证500质量成长交易型开放式指数证券投资基金,综合,消费
562350,银华中证全指电力公用事业交易型开放式指数证券投资基金,水的生产和供应业,公用事业与交运
562360,银华中证机器人交易型开放式指数证券投资基金,综合,消费
562380,银华中证国新央企科技引领交易型开放式指数证券投资基金,软件和信息技术服务业,TMT
562390,银华中证中药交易型开放式指数证券投资基金,医药制造业,医药健康
562500,华夏中证机器人交易型开放式指数证券投资基金,综合,消费
562510,华夏中证旅游主题交易型开放式指数证券投资基金,餐饮业,消费
562520,华夏中证智选1000成长创新策略交易型开放式指数证券投资基金,综合,消费
562530,华夏中证智选1000价值稳健策略交易型开放式指数证券投资基金,综合,消费
562550,华夏中证绿色电力交易型开放式指数证券投资基金,电力、热力生产和供应业,公用事业与交运
562560,华夏中证全指信息技术交易型开放式指数证券投资基金,综合,消费
562570,华夏中证信息技术应用创新产业交易型开放式指数证券投资基金,综合,消费
562580,华夏中证全指可选消费交易型开放式指数证券投资基金,零售业,消费
562590,华夏中证半导体材料设备主题交易型开放式指数证券投资基金,计算机、通信和其他电子设备制造业,TMT
562600,华夏中证全指医疗器械交易型开放式指数证券投资基金,医药制造业,医药健康
562660,华夏中证2000交易型开放式指数证券投资基金,综合,消费
562700,华夏中证汽车零部件主题交易型开放式指数证券投资基金,汽车制造业,消费
562800,嘉实中证稀有金属主题交易型开放式指数证券投资基金,有色金属冶炼和压延加工业,能源与原材料
562810,嘉实上证综合增强策略交易型开放式指数证券投资基金,综合,消费
562820,嘉实中证全指集成电路交易型开放式指数证券投资基金,计算机、通信和其他电子设备制造业,TMT
562850,嘉实中证国新央企现代能源交易型开放式指数证券投资基金,综合,消费
562860,嘉实中证疫苗与生物技术交易型开放式指数证券投资基金,医药制造业,医药健康
562870,嘉实中证全指证券公司交易型开放式指数证券投资基金,综合,消费
562880,嘉实中证电池主题交易型开放式指数证券投资基金,综合,消费
562890,嘉实中证A50交易型开放式指数证券投资基金,综合,消费
562900,易方达中证现代农业主题交易型开放式指数证券投资基金,农业,消费
562910,易方达中证装备产业交易型开放式指数证券投资基金,通用设备制造业,工业与建筑
562920,易方达中证信息安全主题交易型开放式指数证券投资基金,软件和信息技术服务业,TMT
562930,易方达中证软件服务交易型开放式指数证券投资基金,软件和信息技术服务业,TMT
562950,易方达中证消费电子主题交易型开放式指数证券投资基金,零售业,消费
562960,易方达中证绿色电力交易型开放式指数证券投资基金,电力、热力生产和供应业,公用事业与交运
562970,易方达中证光伏产业交易型开放式指数证券投资基金,电气机械和器材制造业,工业与建筑
562990,易方达中证上海环交所碳中和交易型开放式指数证券投资基金,生态保护和环境治理业,公用事业与交运
563000,易方达MSCI中国A50互联互通交易型开放式指数证券投资基金,综合,消费
563010,易方达中证电信主题交易型开放式指数证券投资基金,综合,消费
563020,易方达中证红利低波动交易型开放式指数证券投资基金,综合,消费
563030,易方达中证500增强策略交易型开放式指数证券投资基金,综合,消费
563050,易方达中证国新央企科技引领交易型开放式指数证券投资基金,软件和信息技术服务业,TMT
563060,易方达中证国资央企50交易型开放式指数证券投资基金,综合,消费
563080,易方达中证A50交易型开放式指数证券投资基金,综合,消费
563090,易方达上证50增强策略交易型开放式指数证券投资基金,综合,消费
563150,银华中证油气资源交易型开放式指数证券投资基金,综合,消费
563180,银华中证高股息策略交易型开放式指数证券投资基金,综合,消费
563200,富国中证2000交易型开放式指数证券投资基金,综合,消费
563210,富国恒生A股专精特新企业交易型开放式指数证券投资基金,综合,消费
563220,富国中证A500交易型开放式指数证券投资基金,综合,消费
563230,富国中证卫星产业交易型开放式指数证券投资基金,综合,消费
563280,富国MSCI中国A50互联互通增强策略交易型开放式指数证券投资基金,综合,消费
563300,华泰柏瑞中证2000交易型开放式指数证券投资基金,综合,消费
563320,华泰柏瑞中证通用航空主题交易型开放式指数证券投资基金,航空运输业,公用事业与交运
563330,华泰柏瑞中证A股交易型开放式指数证券投资基金,综合,消费
563350,华泰柏瑞中证A50交易型开放式指数证券投资基金,综合,消费
563360,华泰柏瑞中证A500交易型开放式指数证券投资基金,综合,消费
563390,华泰柏瑞中证全指自由现金流交易型开放式指数证券投资基金,货币金融服务,金融地产
563500,华宝中证A500交易型开放式指数证券投资基金,综合,消费
563520,永赢沪深300交易型开放式指数证券投资基金,综合,消费
563550,摩根中证A500增强策略交易型开放式指数证券投资基金,综合,消费
563580,万家中证800自由现金流交易型开放式指数证券投资基金,货币金融服务,金融地产
563600,易方达中证A500增强策略交易型开放式指数证券投资基金,综合,消费
563620,兴业中证全指自由现金流交易型开放式指数证券投资基金,货币金融服务,金融地产
563630,国联安中证A500增强策略交易型开放式指数证券投资基金,综合,消费
563650,兴业中证A500交易型开放式指数证券投资基金,综合,消费
563660,银河中证A500交易型开放式指数证券投资基金,综合,消费
563670,鹏华中证金融科技主题交易型开放式指数证券投资基金,软件和信息技术服务业,TMT
563680,汇添富中证800自由现金流交易型开放式指数证券投资基金,货币金融服务,金融地产
563690,永赢中证红利低波动交易型开放式指数证券投资基金,综合,消费
563700,易方达中证红利价值交易型开放式指数证券投资基金,综合,消费
563750,汇添富中证500交易型开放式指数证券投资基金,综合,消费
563760,中银中证全指自由现金流交易型开放式指数证券投资基金,货币金融服务,金融地产
563770,招商中证全指自由现金流交易型开放式指数证券投资基金,货币金融服务,金融地产
563780,方正富邦中证全指自由现金流交易型开放式指数证券投资基金,货币金融服务,金融地产
563800,广发中证A500交易型开放式指数证券投资基金,综合,消费
563830,博时中证全指自由现金流交易型开放式指数证券投资基金,货币金融服务,金融地产
563860,海富通中证A500交易型开放式指数证券投资基金,综合,消费
563880,汇添富中证A500交易型开放式指数证券投资基金,综合,消费
563890,创金合信中证国有企业红利交易型开放式指数证券投资基金,综合,消费
563900,摩根沪深300自由现金流交易型开放式指数证券投资基金,货币金融服务,金融地产
563990,富国中证800自由现金流交易型开放式指数证券投资基金,货币金融服务,金融地产
588000,华夏上证科创板50成份交易型开放式指数证券投资基金,综合,消费
588010,博时上证科创板新材料交易型开放式指数证券投资基金,综合,消费
588020,易方达上证科创板成长交易型开放式指数证券投资基金,综合,消费
588030,博时上证科创板100交易型开放式指数证券投资基金,综合,消费
588040,鹏华上证科创板50成份交易型开放式指数证券投资基金,综合,消费
588050,工银瑞信上证科创板50成份交易型开放式指数证券投资基金,综合,消费
588060,广发上证科创板50成份交易型开放式指数证券投资基金,综合,消费
588070,万家上证科创板成长交易型开放式指数证券投资基金,综合,消费
588080,易方达上证科创板50成份交易型开放式指数证券投资基金,综合,消费
588090,华泰柏瑞上证科创板50成份交易型开放式指数证券投资基金,综合,消费
588100,嘉实上证科创板新一代信息技术交易型开放式指数证券投资基金,综合,消费
588110,广发上证科创板成长交易型开放式指数证券投资基金,综合,消费
588120,国泰上证科创板100交易型开放式指数证券投资基金,综合,消费
588130,华夏上证科创板生物医药交易型开放式指数证券投资基金,医药制造业,医药健康
588140,广发上证科创板200交易型开放式指数证券投资基金,综合,消费
588150,南方上证科创板50成份交易型开放式指数证券投资基金,综合,消费
588160,南方上证科创板新材料交易型开放式指数证券投资基金,综合,消费
588170,华夏上证科创板半导体材料设备主题交易型开放式指数证券投资基金,计算机、通信和其他电子设备制造业,TMT
588180,国联安上证科创板50成份交易型开放式指数证券投资基金,综合,消费
588190,银华上证科创板100交易型开放式指数证券投资基金,综合,消费
588200,嘉实上证科创板芯片交易型开放式指数证券投资基金,计算机、通信和其他电子设备制造业,TMT
588210,易方达上证科创板100交易型开放式指数证券投资基金,综合,消费
588220,鹏华上证科创板100交易型开放式指数证券投资基金,综合,消费
588230,华泰柏瑞上证科创板200交易型开放式指数证券投资基金,综合,消费
588240,鹏华上证科创板200交易型开放式指数证券投资基金,综合,消费
588250,鹏华上证科创板生物医药交易型开放式指数证券投资基金,医药制造业,医药健康
588260,华安上证科创板新一代信息技术交易型开放式指数证券投资基金,综合,消费
588270,易方达上证科创板200交易型开放式指数证券投资基金,综合,消费
588280,华安上证科创板50成份交易型开放式指数证券投资基金,综合,消费
588290,华安上证科创板芯片交易型开放式指数证券投资基金,计算机、通信和其他电子设备制造业,TMT
588300,招商中证科创创业50交易型开放式指数证券投资基金,综合,消费
588310,方正富邦中证科创创业50交易型开放式指数证券投资基金,综合,消费
588320,广发中证科创创业50增强策略交易型开放式指数证券投资基金,综合,消费
588330,华宝中证科创创业50交易型开放式指数证券投资基金,综合,消费
588350,鹏扬中证科创创业50交易型开放式指数证券投资基金,综合,消费
588360,国泰中证科创创业50交易型开放式指数证券投资基金,综合,消费
588370,南方上证科创板50成份增强策略交易型开放式指数证券投资基金,综合,消费
588380,富国中证科创创业50交易型开放式指数证券投资基金,综合,消费
588390,博时中证科创创业50交易型开放式指数证券投资基金,综合,消费
588400,嘉实中证科创创业50交易型开放式指数证券投资基金,综合,消费
588450,招商上证科创板50成份增强策略交易型开放式指数证券投资基金,综合,消费
588460,鹏华上证科创板50成份增强策略交易型开放式指数证券投资基金,综合,消费
588500,易方达上证科创板100增强策略交易型开放式指数证券投资基金,综合,消费
588520,永赢上证科创板综合价格增强策略交易型开放式指数证券投资基金,综合,消费
588550,易方达上证科创板综合增强策略交易型开放式指数证券投资基金,综合,消费
588660,兴银中证科创创业50交易型开放式指数证券投资基金,综合,消费
588670,嘉实上证科创板综合增强策略交易型开放式指数证券投资基金,综合,消费
588680,广发上证科创板100增强策略交易型开放式指数证券投资基金,综合,消费
588690,银华上证科创板综合增强策略交易型开放式指数证券投资基金,综合,消费
588700,嘉实上证科创板生物医药交易型开放式指数证券投资基金,医药制造业,医药健康
588710,华泰柏瑞上证科创板半导体材料设备主题交易型开放式指数证券投资基金,计算机、通信和其他电子设备制造业,TMT
588720,中银上证科创板50成份交易型开放式指数证券投资基金,综合,消费
588730,易方达上证科创板人工智能交易型开放式指数证券投资基金,综合,消费
588750,汇添富上证科创板芯片交易型开放式指数证券投资基金,计算机、通信和其他电子设备制造业,TMT
588760,广发上证科创板人工智能交易型开放式指数证券投资基金,综合,消费
588770,摩根上证科创板新一代信息技术交易型开放式指数证券投资基金,综合,消费
588780,国联安上证科创板芯片设计主题交易型开放式指数证券投资基金,计算机、通信和其他电子设备制造业,TMT
588790,博时上证科创板人工智能交易型开放式指数证券投资基金,综合,消费
588800,华夏上证科创板100交易型开放式指数证券投资基金,综合,消费
588810,富国上证科创板芯片交易型开放式指数证券投资基金,计算机、通信和其他电子设备制造业,TMT
588820,华夏上证科创板200交易型开放式指数证券投资基金,综合,消费
588830,鹏华上证科创板新能源交易型开放式指数证券投资基金,综合,消费
588840,万家上证科创板50成份交易型开放式指数证券投资基金,综合,消费
588850,嘉实上证科创板工业机械交易型开放式指数证券投资基金,通用设备制造业,工业与建筑
588860,工银瑞信上证科创板生物医药交易型开放式指数证券投资基金,医药制造业,医药健康
588870,汇添富上证科创板50成份交易型开放式指数证券投资基金,综合,消费
588880,华泰柏瑞上证科创板100交易型开放式指数证券投资基金,综合,消费
588890,南方上证科创板芯片交易型开放式指数证券投资基金,计算机、通信和其他电子设备制造业,TMT
588900,南方上证科创板100交易型开放式指数证券投资基金,综合,消费
588910,建信上证智选科创板创新价值交易型开放式指数证券投资基金,综合,消费
588920,鹏华上证科创板芯片交易型开放式指数证券投资基金,计算机、通信和其他电子设备制造业,TMT
588930,银华上证科创板人工智能交易型开放式指数证券投资基金,综合,消费
588940,富国上证科创板50成份交易型开放式指数证券投资基金,综合,消费
588950,景顺长城上证科创板50成份交易型开放式指数证券投资基金,综合,消费
588960,富国上证科创板新能源交易型开放式指数证券投资基金,综合,消费
588980,广发上证科创板100交易型开放式指数证券投资基金,综合,消费
588990,博时上证科创板芯片交易型开放式指数证券投资基金,计算机、通信和其他电子设备制造业,TMT
589000,华夏上证科创板综合交易型开放式指数证券投资基金,综合,消费
589010,华夏上证科创板人工智能交易型开放式指数证券投资基金,综合,消费
589020,鹏华上证科创板半导体材料设备主题交易型开放式指数证券投资基金,计算机、通信和其他电子设备制造业,TMT
589050,兴业上证科创板综合价格交易型开放式指数证券投资基金,综合,消费
589060,西藏东财上证科创板综合价格交易型开放式指数证券投资基金,综合,消费
589080,汇添富上证科创板综合交易型开放式指数证券投资基金,综合,消费
589090,鹏华上证科创板人工智能交易型开放式指数证券投资基金,综合,消费
589100,国泰上证科创板芯片交易型开放式指数证券投资基金,计算机、通信和其他电子设备制造业,TMT
589110,国泰上证科创板人工智能交易型开放式指数证券投资基金,综合,消费
589120,汇添富上证科创板创新药交易型开放式指数证券投资基金,医药制造业,医药健康
589180,汇添富上证科创板新材料交易型开放式指数证券投资基金,综合,消费
589200,工银瑞信上证科创板200交易型开放式指数证券投资基金,综合,消费
589300,嘉实上证科创板综合交易型开放式指数证券投资基金,综合,消费
589380,富国上证科创板人工智能交易型开放式指数证券投资基金,综合,消费
589500,工银瑞信上证科创板综合价格交易型开放式指数证券投资基金,综合,消费
589520,华宝上证科创板人工智能交易型开放式指数证券投资基金,综合,消费
589550,华夏上证智选科创板价值50策略交易型开放式指数证券投资基金,综合,消费
589560,汇添富上证科创板人工智能交易型开放式指数证券投资基金,综合,消费
589580,兴银上证科创板综合价格交易型开放式指数证券投资基金,综合,消费
589600,富国上证科创板综合价格交易型开放式指数证券投资基金,综合,消费
589630,国泰上证科创板综合交易型开放式指数证券投资基金,综合,消费
589660,南方上证科创板综合交易型开放式指数证券投资基金,综合,消费
589680,鹏华上证科创板综合交易型开放式指数证券投资基金,综合,消费
589700,南方上证科创板成长交易型开放式指数证券投资基金,综合,消费
589720,国泰上证科创板创新药交易型开放式指数证券投资基金,医药制造业,医药健康
589770,招商上证科创板综合交易型开放式指数证券投资基金,综合,消费
589780,富国上证科创板200交易型开放式指数证券投资基金,综合,消费
589800,易方达上证科创板综合交易型开放式指数证券投资基金,综合,消费
589820,建信上证科创板200交易型开放式指数证券投资基金,综合,消费
589850,西藏东财上证科创板50成份交易型开放式指数证券投资基金,综合,消费
589860,天弘上证科创板综合交易型开放式指数证券投资基金,综合,消费
589880,建信上证科创板综合交易型开放式指数证券投资基金,综合,消费
589890,景顺长城上证科创板综合价格交易型开放式指数证券投资基金,综合,消费
589900,博时上证科创板综合交易型开放式指数证券投资基金,综合,消费
589950,富国上证科创板100交易型开放式指数证券投资基金,综合,消费
589960,易方达上证科创板新能源交易型开放式指数证券投资基金,综合,消费
589980,汇添富上证科创板100交易型开放式指数证券投资基金,综合,消费
589990,华泰柏瑞上证科创板综合交易型开放式指数证券投资基金,综合,消费
